date,usd_lkr
2013-01-01,127.640174
2013-01-02,127.431517
2013-01-03,127.457218
2013-01-04,127.408818
2013-01-05,127.401118
2013-01-06,127.399318
2013-01-07,127.401218
2013-01-08,127.224609
2013-01-09,126.490904
2013-01-10,126.178581
2013-01-11,126.168238
2013-01-12,126.176838
2013-01-13,126.182481
2013-01-14,126.251337
2013-01-15,126.442743
2013-01-16,126.546142
2013-01-17,126.696589
2013-01-18,126.583549
2013-01-19,126.564049
2013-01-20,126.602049
2013-01-21,126.66579
2013-01-22,126.69418
2013-01-23,126.990533
2013-01-24,127.087632
2013-01-25,127.135817
2013-01-26,127.144817
2013-01-27,127.142517
2013-01-28,127.140361
2013-01-29,126.71348
2013-01-30,126.523844
2013-01-31,126.379377
2013-02-01,126.324104
2013-02-02,126.273626
2013-02-03,126.272751
2013-02-04,126.300001
2013-02-05,126.429944
2013-02-06,126.401001
2013-02-07,126.160981
2013-02-08,126.271004
2013-02-09,126.288904
2013-02-10,126.286904
2013-02-11,126.364904
2013-02-12,126.27831
2013-02-13,126.423625
2013-02-14,126.573643
2013-02-15,126.64056
2013-02-16,126.66026
2013-02-17,126.714249
2013-02-18,126.729061
2013-02-19,127.116761
2013-02-20,127.301375
2013-02-21,127.15732
2013-02-22,127.352318
2013-02-23,127.381153
2013-02-24,127.396753
2013-02-25,127.411753
2013-02-26,127.478446
2013-02-27,127.490346
2013-02-28,127.531005
2013-03-01,127.4432
2013-03-02,127.435447
2013-03-03,127.43925
2013-03-04,127.3525
2013-03-05,127.459953
2013-03-06,127.28823
2013-03-07,127.274
2013-03-08,126.860131
2013-03-09,126.622949
2013-03-10,126.589049
2013-03-11,126.527048
2013-03-12,126.217144
2013-03-13,126.401499
2013-03-14,126.26925
2013-03-15,126.187526
2013-03-16,126.159251
2013-03-17,126.482426
2013-03-18,126.268526
2013-03-19,126.577376
2013-03-20,126.667374
2013-03-21,126.940277
2013-03-22,126.86525
2013-03-23,126.875125
2013-03-24,126.876951
2013-03-25,126.772375
2013-03-26,126.745875
2013-03-27,126.874801
2013-03-28,126.787652
2013-03-29,126.757642
2013-03-30,126.746542
2013-03-31,126.762542
2013-04-01,126.530526
2013-04-02,126.532499
2013-04-03,126.274463
2013-04-04,125.924376
2013-04-05,125.831101
2013-04-06,125.758016
2013-04-07,125.607316
2013-04-08,125.5975
2013-04-09,125.533402
2013-04-10,125.413051
2013-04-11,125.392625
2013-04-12,125.390001
2013-04-13,125.399715
2013-04-14,125.399515
2013-04-15,125.399515
2013-04-16,125.394751
2013-04-17,125.513756
2013-04-18,125.656684
2013-04-19,125.88775
2013-04-20,125.945789
2013-04-21,125.931089
2013-04-22,126.4425
2013-04-23,126.794851
2013-04-24,126.744869
2013-04-25,126.73913
2013-04-26,126.974216
2013-04-27,127.123189
2013-04-28,127.043125
2013-04-29,126.833375
2013-04-30,126.859689
2013-05-01,126.7505
2013-05-02,126.58789
2013-05-03,126.500489
2013-05-04,126.244037
2013-05-05,126.239037
2013-05-06,126.378954
2013-05-07,126.415254
2013-05-08,126.160081
2013-05-09,125.980789
2013-05-10,126.127061
2013-05-11,126.165777
2013-05-12,126.217477
2013-05-13,126.343337
2013-05-14,126.43855
2013-05-15,126.138664
2013-05-16,125.795701
2013-05-17,126.202604
2013-05-18,126.088282
2013-05-19,126.185482
2013-05-20,126.306437
2013-05-21,126.376578
2013-05-22,126.376904
2013-05-23,126.352577
2013-05-24,126.354477
2013-05-25,126.353577
2013-05-26,126.334977
2013-05-27,126.349477
2013-05-28,126.404343
2013-05-29,126.470454
2013-05-30,126.482243
2013-05-31,126.522243
2013-06-01,126.528244
2013-06-02,126.506844
2013-06-03,126.486343
2013-06-04,126.486143
2013-06-05,126.498543
2013-06-06,126.449545
2013-06-07,126.37565
2013-06-08,126.343177
2013-06-09,126.458177
2013-06-10,126.732885
2013-06-11,127.526922
2013-06-12,127.3846
2013-06-13,127.796718
2013-06-14,128.393765
2013-06-15,128.514846
2013-06-16,128.505146
2013-06-17,128.578452
2013-06-18,128.558546
2013-06-19,128.243932
2013-06-20,128.337027
2013-06-21,128.759241
2013-06-22,128.843076
2013-06-23,128.872376
2013-06-24,128.962016
2013-06-25,128.961154
2013-06-26,129.446993
2013-06-27,130.336462
2013-06-28,130.481724
2013-06-29,130.566589
2013-06-30,130.659989
2013-07-01,130.743127
2013-07-02,130.681627
2013-07-03,130.631202
2013-07-04,130.618291
2013-07-05,130.635968
2013-07-06,130.658227
2013-07-07,130.744527
2013-07-08,130.99889
2013-07-09,130.838803
2013-07-10,130.80169
2013-07-11,130.825891
2013-07-12,130.853339
2013-07-13,130.853461
2013-07-14,130.842961
2013-07-15,130.948584
2013-07-16,131.321972
2013-07-17,131.49111
2013-07-18,131.599808
2013-07-19,131.630108
2013-07-20,131.693249
2013-07-21,131.701849
2013-07-22,131.699849
2013-07-23,131.700349
2013-07-24,131.662949
2013-07-25,131.653549
2013-07-26,131.631466
2013-07-27,131.642917
2013-07-28,131.601017
2013-07-29,131.601554
2013-07-30,131.638346
2013-07-31,131.668548
2013-08-01,131.659146
2013-08-02,131.659427
2013-08-03,131.651788
2013-08-04,131.651538
2013-08-05,131.639376
2013-08-06,131.62029
2013-08-07,131.662356
2013-08-08,131.67271
2013-08-09,131.700041
2013-08-10,131.702958
2013-08-11,131.708375
2013-08-12,131.698039
2013-08-13,131.653872
2013-08-14,131.562722
2013-08-15,131.446906
2013-08-16,131.721734
2013-08-17,131.732051
2013-08-18,131.764551
2013-08-19,131.880385
2013-08-20,131.919854
2013-08-21,131.91842
2013-08-22,131.927303
2013-08-23,132.37714
2013-08-24,132.429165
2013-08-25,132.404498
2013-08-26,132.63501
2013-08-27,132.893236
2013-08-28,133.131306
2013-08-29,133.21075
2013-08-30,132.963349
2013-08-31,132.90917
2013-09-01,132.904504
2013-09-02,133.031583
2013-09-03,133.061583
2013-09-04,133.011166
2013-09-05,133.048833
2013-09-06,132.940728
2013-09-07,132.934839
2013-09-08,132.822172
2013-09-09,132.822351
2013-09-10,132.880756
2013-09-11,132.465915
2013-09-12,132.359107
2013-09-13,132.269773
2013-09-14,132.25819
2013-09-15,132.119606
2013-09-16,132.233456
2013-09-17,132.220022
2013-09-18,132.293522
2013-09-19,132.292522
2013-09-20,132.203294
2013-09-21,132.19628
2013-09-22,132.19153
2013-09-23,132.114234
2013-09-24,132.165795
2013-09-25,132.058047
2013-09-26,132.021344
2013-09-27,132.02176
2013-09-28,132.02276
2013-09-29,132.04301
2013-09-30,131.993344
2013-10-01,131.655762
2013-10-02,131.59301
2013-10-03,131.547427
2013-10-04,131.288674
2013-10-05,131.303004
2013-10-06,131.277504
2013-10-07,131.176256
2013-10-08,131.190423
2013-10-09,131.14336
2013-10-10,131.154673
2013-10-11,131.074404
2013-10-12,131.075683
2013-10-13,131.056099
2013-10-14,130.92953
2013-10-15,131.113486
2013-10-16,131.140256
2013-10-17,131.029737
2013-10-18,131.003238
2013-10-19,130.994738
2013-10-20,130.997154
2013-10-21,130.923577
2013-10-22,130.864137
2013-10-23,130.781677
2013-10-24,130.578533
2013-10-25,130.62405
2013-10-26,130.634356
2013-10-27,130.624272
2013-10-28,130.910365
2013-10-29,130.956161
2013-10-30,131.024495
2013-10-31,130.924244
2013-11-01,130.989197
2013-11-02,130.983049
2013-11-03,130.996947
2013-11-04,131.129589
2013-11-05,131.146499
2013-11-06,131.1322
2013-11-07,131.111201
2013-11-08,131.1159
2013-11-09,131.1223
2013-11-10,131.139
2013-11-11,131.109001
2013-11-12,131.101901
2013-11-13,131.095101
2013-11-14,131.134699
2013-11-15,131.147299
2013-11-16,131.149799
2013-11-17,131.151999
2013-11-18,131.145999
2013-11-19,131.113301
2013-11-20,131.099101
2013-11-21,131.099801
2013-11-22,131.139699
2013-11-23,131.146899
2013-11-24,131.160199
2013-11-25,131.157999
2013-11-26,131.196799
2013-11-27,131.263599
2013-11-28,131.208499
2013-11-29,131.235
2013-11-30,131.2372
2013-12-01,131.2347
2013-12-02,131.088401
2013-12-03,130.899701
2013-12-04,130.8442
2013-12-05,130.860299
2013-12-06,130.839601
2013-12-07,130.838501
2013-12-08,130.824001
2013-12-09,130.810001
2013-12-10,130.771401
2013-12-11,130.805601
2013-12-12,130.885299
2013-12-13,130.8125
2013-12-14,130.8109
2013-12-15,130.8
2013-12-16,130.8038
2013-12-17,130.803999
2013-12-18,130.795201
2013-12-19,130.7659
2013-12-20,130.718099
2013-12-21,130.710699
2013-12-22,130.709799
2013-12-23,130.7405
2013-12-24,130.765501
2013-12-25,130.782001
2013-12-26,130.709801
2013-12-27,130.7389
2013-12-28,130.7303
2013-12-29,130.6685
2013-12-30,130.806999
2013-12-31,130.810701
2014-01-01,130.7651
2014-01-02,130.751301
2014-01-03,130.708299
2014-01-04,130.699599
2014-01-05,130.688899
2014-01-06,130.7361
2014-01-07,130.718099
2014-01-08,130.823501
2014-01-09,130.718699
2014-01-10,130.722499
2014-01-11,130.709599
2014-01-12,130.702099
2014-01-13,130.701999
2014-01-14,130.703099
2014-01-15,130.704199
2014-01-16,130.683101
2014-01-17,130.699699
2014-01-18,130.694899
2014-01-19,130.818999
2014-01-20,130.777901
2014-01-21,130.842601
2014-01-22,130.793901
2014-01-23,130.739301
2014-01-24,130.674499
2014-01-25,130.657099
2014-01-26,130.648999
2014-01-27,130.707001
2014-01-28,130.817399
2014-01-29,130.742599
2014-01-30,130.694501
2014-01-31,130.7403
2014-02-01,130.7472
2014-02-02,130.755
2014-02-03,130.758499
2014-02-04,130.645299
2014-02-05,130.661101
2014-02-06,130.651599
2014-02-07,130.7338
2014-02-08,130.7463
2014-02-09,130.66
2014-02-10,130.623
2014-02-11,130.776399
2014-02-12,130.823699
2014-02-13,130.829699
2014-02-14,130.834499
2014-02-15,130.833599
2014-02-16,130.811199
2014-02-17,130.828999
2014-02-18,130.844001
2014-02-19,130.866199
2014-02-20,130.920401
2014-02-21,130.944599
2014-02-22,130.953599
2014-02-23,130.953899
2014-02-24,131.031001
2014-02-25,131.046599
2014-02-26,131.055301
2014-02-27,131.049401
2014-02-28,130.789701
2014-03-01,130.755401
2014-03-02,130.765001
2014-03-03,130.648
2014-03-04,130.669399
2014-03-05,130.6117
2014-03-06,130.567499
2014-03-07,130.571799
2014-03-08,130.569899
2014-03-09,130.570299
2014-03-10,130.5468
2014-03-11,130.584699
2014-03-12,130.596701
2014-03-13,130.679899
2014-03-14,130.621099
2014-03-15,130.620299
2014-03-16,130.621499
2014-03-17,130.601001
2014-03-18,130.582399
2014-03-19,130.600301
2014-03-20,130.601801
2014-03-21,130.6276
2014-03-22,130.6327
2014-03-23,130.6338
2014-03-24,130.645999
2014-03-25,130.649099
2014-03-26,130.694499
2014-03-27,130.708299
2014-03-28,130.710299
2014-03-29,130.708499
2014-03-30,130.703899
2014-03-31,130.702999
2014-04-01,130.689499
2014-04-02,130.708499
2014-04-03,130.661699
2014-04-04,130.605701
2014-04-05,130.592101
2014-04-06,130.579801
2014-04-07,130.684099
2014-04-08,130.6079
2014-04-09,130.603701
2014-04-10,130.607299
2014-04-11,130.603001
2014-04-12,130.603701
2014-04-13,130.673001
2014-04-14,130.603001
2014-04-15,130.600101
2014-04-16,130.580499
2014-04-17,130.6053
2014-04-18,130.688
2014-04-19,130.6903
2014-04-20,130.6801
2014-04-21,130.714999
2014-04-22,130.621301
2014-04-23,130.6325
2014-04-24,130.610001
2014-04-25,130.622101
2014-04-26,130.621901
2014-04-27,130.607001
2014-04-28,130.627001
2014-04-29,130.6196
2014-04-30,130.6377
2014-05-01,130.6358
2014-05-02,130.624
2014-05-03,130.6217
2014-05-04,130.615
2014-05-05,130.709
2014-05-06,130.5973
2014-05-07,130.619701
2014-05-08,130.523601
2014-05-09,130.430099
2014-05-10,130.407499
2014-05-11,130.408099
2014-05-12,130.362001
2014-05-13,130.332599
2014-05-14,130.328299
2014-05-15,130.318699
2014-05-16,130.351201
2014-05-17,130.355001
2014-05-18,130.352001
2014-05-19,130.340101
2014-05-20,130.366
2014-05-21,130.364201
2014-05-22,130.3789
2014-05-23,130.383999
2014-05-24,130.388699
2014-05-25,130.393999
2014-05-26,130.397999
2014-05-27,130.398499
2014-05-28,130.377999
2014-05-29,130.398499
2014-05-30,130.406499
2014-05-31,130.408099
2014-06-01,130.421999
2014-06-02,130.365001
2014-06-03,130.363601
2014-06-04,130.339501
2014-06-05,130.3404
2014-06-06,130.289299
2014-06-07,130.281899
2014-06-08,130.279199
2014-06-09,130.274999
2014-06-10,130.2657
2014-06-11,130.257799
2014-06-12,130.264799
2014-06-13,130.246901
2014-06-14,130.245401
2014-06-15,130.252101
2014-06-16,130.240001
2014-06-17,130.242401
2014-06-18,130.270799
2014-06-19,130.322901
2014-06-20,130.290399
2014-06-21,130.291099
2014-06-22,130.298499
2014-06-23,130.2925
2014-06-24,130.298399
2014-06-25,130.319099
2014-06-26,130.323001
2014-06-27,130.332999
2014-06-28,130.334099
2014-06-29,130.338199
2014-06-30,130.326999
2014-07-01,130.3026
2014-07-02,130.297601
2014-07-03,130.2713
2014-07-04,130.268199
2014-07-05,130.266599
2014-07-06,130.253999
2014-07-07,130.27
2014-07-08,130.276499
2014-07-09,130.225899
2014-07-10,130.231601
2014-07-11,130.209599
2014-07-12,130.206799
2014-07-13,130.208199
2014-07-14,130.216
2014-07-15,130.202501
2014-07-16,130.198599
2014-07-17,130.178901
2014-07-18,130.242101
2014-07-19,130.331999
2014-07-20,130.349999
2014-07-21,130.269799
2014-07-22,130.2753
2014-07-23,130.261101
2014-07-24,130.2554
2014-07-25,130.239901
2014-07-26,130.236601
2014-07-27,130.227201
2014-07-28,130.219999
2014-07-29,130.215699
2014-07-30,130.230701
2014-07-31,130.224801
2014-08-01,130.217901
2014-08-02,130.218201
2014-08-03,130.232601
2014-08-04,130.226001
2014-08-05,130.206299
2014-08-06,130.218899
2014-08-07,130.201501
2014-08-08,130.202399
2014-08-09,130.200399
2014-08-10,130.213999
2014-08-11,130.199999
2014-08-12,130.195199
2014-08-13,130.2314
2014-08-14,130.195801
2014-08-15,130.176301
2014-08-16,130.172001
2014-08-17,130.184001
2014-08-18,130.161
2014-08-19,130.172301
2014-08-20,130.175801
2014-08-21,130.1888
2014-08-22,130.179
2014-08-23,130.1755
2014-08-24,130.2717
2014-08-25,130.185
2014-08-26,130.232299
2014-08-27,130.197999
2014-08-28,130.2053
2014-08-29,130.235599
2014-08-30,130.238399
2014-08-31,130.255999
2014-09-01,130.211
2014-09-02,130.249199
2014-09-03,130.2245
2014-09-04,130.2039
2014-09-05,130.2143
2014-09-06,130.2206
2014-09-07,130.199
2014-09-08,130.225
2014-09-09,130.2266
2014-09-10,130.220099
2014-09-11,130.266899
2014-09-12,130.2713
2014-09-13,130.2742
2014-09-14,130.1457
2014-09-15,130.196999
2014-09-16,130.2761
2014-09-17,130.2896
2014-09-18,130.304199
2014-09-19,130.3154
2014-09-20,130.318
2014-09-21,130.3003
2014-09-22,130.292999
2014-09-23,130.3403
2014-09-24,130.303801
2014-09-25,130.322101
2014-09-26,130.318701
2014-09-27,130.321001
2014-09-28,130.550501
2014-09-29,130.547001
2014-09-30,130.406099
2014-10-01,130.4154
2014-10-02,130.422599
2014-10-03,130.370699
2014-10-04,130.353399
2014-10-05,130.356299
2014-10-06,130.359999
2014-10-07,130.4202
2014-10-08,130.3608
2014-10-09,130.353801
2014-10-10,130.345701
2014-10-11,130.346201
2014-10-12,130.397601
2014-10-13,130.590001
2014-10-14,130.609299
2014-10-15,130.642699
2014-10-16,130.775501
2014-10-17,130.667899
2014-10-18,130.667299
2014-10-19,130.664099
2014-10-20,130.680999
2014-10-21,130.7433
2014-10-22,130.7501
2014-10-23,130.786201
2014-10-24,130.839201
2014-10-25,130.852601
2014-10-26,130.844001
2014-10-27,130.854001
2014-10-28,130.865699
2014-10-29,130.886299
2014-10-30,130.898299
2014-10-31,130.803099
2014-11-01,130.777599
2014-11-02,130.876999
2014-11-03,130.909001
2014-11-04,130.918799
2014-11-05,130.8764
2014-11-06,130.8741
2014-11-07,130.904599
2014-11-08,130.910099
2014-11-09,130.885999
2014-11-10,130.901999
2014-11-11,130.906099
2014-11-12,130.902899
2014-11-13,130.945599
2014-11-14,130.9695
2014-11-15,130.978
2014-11-16,130.976
2014-11-17,131.0
2014-11-18,130.989301
2014-11-19,131.072499
2014-11-20,131.072499
2014-11-21,131.071199
2014-11-22,131.072799
2014-11-23,131.108999
2014-11-24,131.055001
2014-11-25,131.088301
2014-11-26,131.1242
2014-11-27,131.148999
2014-11-28,131.138799
2014-11-29,131.145399
2014-11-30,131.141999
2014-12-01,131.104001
2014-12-02,131.097001
2014-12-03,131.140199
2014-12-04,131.136699
2014-12-05,131.150699
2014-12-06,131.143799
2014-12-07,131.133999
2014-12-08,131.179999
2014-12-09,131.1551
2014-12-10,131.1636
2014-12-11,131.189701
2014-12-12,131.169899
2014-12-13,131.166499
2014-12-14,131.149499
2014-12-15,131.224
2014-12-16,131.1677
2014-12-17,131.204001
2014-12-18,131.2941
2014-12-19,131.2259
2014-12-20,131.2283
2014-12-21,131.273
2014-12-22,131.259001
2014-12-23,131.2478
2014-12-24,131.223599
2014-12-25,131.067499
2014-12-26,131.217
2014-12-27,131.158
2014-12-28,131.266
2014-12-29,131.225999
2014-12-30,131.2497
2014-12-31,131.219401
2015-01-01,131.277099
2015-01-02,131.306101
2015-01-03,131.3209
2015-01-04,131.462
2015-01-05,131.307999
2015-01-06,131.497701
2015-01-07,131.4411
2015-01-08,131.513099
2015-01-09,131.483999
2015-01-10,131.491399
2015-01-11,131.456999
2015-01-12,131.537999
2015-01-13,131.518999
2015-01-14,131.551401
2015-01-15,131.553399
2015-01-16,131.4345
2015-01-17,131.4156
2015-01-18,131.446
2015-01-19,131.801999
2015-01-20,131.8151
2015-01-21,131.859801
2015-01-22,131.938601
2015-01-23,131.886201
2015-01-24,131.880101
2015-01-25,132.048001
2015-01-26,131.957
2015-01-27,132.0465
2015-01-28,132.429999
2015-01-29,132.124499
2015-01-30,132.522599
2015-01-31,132.398199
2015-02-01,132.615999
2015-02-02,132.439999
2015-02-03,131.9672
2015-02-04,132.673801
2015-02-05,132.008199
2015-02-06,133.292101
2015-02-07,133.143101
2015-02-08,133.173101
2015-02-09,132.838001
2015-02-10,132.946201
2015-02-11,132.700001
2015-02-12,132.627899
2015-02-13,132.945999
2015-02-14,132.906699
2015-02-15,132.969999
2015-02-16,133.133001
2015-02-17,133.120499
2015-02-18,132.942099
2015-02-19,133.047401
2015-02-20,132.745001
2015-02-21,132.815801
2015-02-22,132.811801
2015-02-23,132.9638
2015-02-24,132.900701
2015-02-25,132.9547
2015-02-26,133.392999
2015-02-27,133.162901
2015-02-28,133.360701
2015-03-01,133.216001
2015-03-02,133.153999
2015-03-03,133.1634
2015-03-04,133.140899
2015-03-05,132.986199
2015-03-06,133.232099
2015-03-07,133.199399
2015-03-08,133.205999
2015-03-09,133.077999
2015-03-10,133.3274
2015-03-11,133.276401
2015-03-12,133.206301
2015-03-13,133.299701
2015-03-14,133.252901
2015-03-15,133.229001
2015-03-16,132.996999
2015-03-17,133.0224
2015-03-18,132.4438
2015-03-19,133.367
2015-03-20,132.4517
2015-03-21,132.8863
2015-03-22,132.671
2015-03-23,133.136999
2015-03-24,133.2374
2015-03-25,133.2705
2015-03-26,132.9885
2015-03-27,133.07
2015-03-28,133.1661
2015-03-29,133.039
2015-03-30,132.975999
2015-03-31,132.9933
2015-04-01,133.009099
2015-04-02,132.9441
2015-04-03,132.532
2015-04-04,132.4187
2015-04-05,132.673
2015-04-06,131.797999
2015-04-07,132.546101
2015-04-08,132.8413
2015-04-09,133.016401
2015-04-10,133.167501
2015-04-11,133.202501
2015-04-12,133.128001
2015-04-13,133.05
2015-04-14,133.0533
2015-04-15,132.910801
2015-04-16,132.839701
2015-04-17,133.0664
2015-04-18,133.0407
2015-04-19,133.149
2015-04-20,133.161999
2015-04-21,133.131001
2015-04-22,133.0827
2015-04-23,133.097199
2015-04-24,133.048801
2015-04-25,132.797601
2015-04-26,133.003001
2015-04-27,133.076999
2015-04-28,133.001801
2015-04-29,133.015
2015-04-30,133.179599
2015-05-01,133.081301
2015-05-02,133.156201
2015-05-03,132.683001
2015-05-04,133.120999
2015-05-05,133.1648
2015-05-06,133.3893
2015-05-07,133.426599
2015-05-08,133.251399
2015-05-09,133.481199
2015-05-10,133.394999
2015-05-11,133.345
2015-05-12,133.613
2015-05-13,133.551401
2015-05-14,133.580999
2015-05-15,133.333701
2015-05-16,133.500001
2015-05-17,133.535001
2015-05-18,133.357001
2015-05-19,133.406301
2015-05-20,133.6213
2015-05-21,133.7528
2015-05-22,133.9937
2015-05-23,134.1005
2015-05-24,133.863
2015-05-25,133.824999
2015-05-26,134.152999
2015-05-27,134.0193
2015-05-28,134.129599
2015-05-29,133.853501
2015-05-30,133.802001
2015-05-31,133.919001
2015-06-01,133.965
2015-06-02,133.897701
2015-06-03,134.063199
2015-06-04,133.737499
2015-06-05,133.8272
2015-06-06,134.1555
2015-06-07,134.279
2015-06-08,133.972001
2015-06-09,134.056301
2015-06-10,133.6151
2015-06-11,133.928801
2015-06-12,133.9916
2015-06-13,134.0628
2015-06-14,133.965
2015-06-15,133.995
2015-06-16,133.900299
2015-06-17,133.8005
2015-06-18,134.207199
2015-06-19,133.7945
2015-06-20,133.9753
2015-06-21,133.714
2015-06-22,133.946999
2015-06-23,133.957601
2015-06-24,134.111401
2015-06-25,133.8783
2015-06-26,133.824399
2015-06-27,133.816199
2015-06-28,133.928999
2015-06-29,133.828001
2015-06-30,134.1231
2015-07-01,133.860099
2015-07-02,133.7517
2015-07-03,133.937701
2015-07-04,133.817401
2015-07-05,133.863001
2015-07-06,133.696001
2015-07-07,133.842501
2015-07-08,133.6187
2015-07-09,133.5544
2015-07-10,133.509701
2015-07-11,133.557401
2015-07-12,133.603001
2015-07-13,133.884999
2015-07-14,133.770401
2015-07-15,133.857001
2015-07-16,133.779499
2015-07-17,133.924801
2015-07-18,133.842001
2015-07-19,133.872001
2015-07-20,133.883
2015-07-21,133.948377
2015-07-22,133.9227
2015-07-23,133.6869
2015-07-24,133.793201
2015-07-25,133.811301
2015-07-26,133.809001
2015-07-27,133.682
2015-07-28,133.620101
2015-07-29,133.6952
2015-07-30,133.6671
2015-07-31,133.8145
2015-08-01,133.7705
2015-08-02,133.861
2015-08-03,133.688999
2015-08-04,133.579199
2015-08-05,133.329801
2015-08-06,133.8827
2015-08-07,133.755201
2015-08-08,133.796501
2015-08-09,133.759001
2015-08-10,133.788999
2015-08-11,133.805701
2015-08-12,133.7085
2015-08-13,133.853599
2015-08-14,134.348401
2015-08-15,134.366301
2015-08-16,134.581001
2015-08-17,134.190999
2015-08-18,134.073301
2015-08-19,133.989699
2015-08-20,134.0864
2015-08-21,133.9449
2015-08-22,133.9794
2015-08-23,134.118
2015-08-24,134.082001
2015-08-25,134.018699
2015-08-26,134.118301
2015-08-27,134.2325
2015-08-28,134.423401
2015-08-29,134.378401
2015-08-30,134.360001
2015-08-31,134.439999
2015-09-01,134.7266
2015-09-02,134.5906
2015-09-03,134.780599
2015-09-04,137.455999
2015-09-05,137.845399
2015-09-06,137.987999
2015-09-07,137.696
2015-09-08,138.216001
2015-09-09,138.703299
2015-09-10,138.896501
2015-09-11,139.0001
2015-09-12,139.1174
2015-09-13,139.149
2015-09-14,139.699001
2015-09-15,139.5539
2015-09-16,140.732601
2015-09-17,140.497599
2015-09-18,140.596801
2015-09-19,140.518601
2015-09-20,140.542001
2015-09-21,140.799999
2015-09-22,140.984101
2015-09-23,141.028401
2015-09-24,140.958201
2015-09-25,141.0278
2015-09-26,141.1568
2015-09-27,141.06
2015-09-28,141.02
2015-09-29,141.0998
2015-09-30,141.009199
2015-10-01,141.067099
2015-10-02,141.177699
2015-10-03,141.067999
2015-10-04,141.203999
2015-10-05,141.196001
2015-10-06,140.9283
2015-10-07,140.692099
2015-10-08,140.6386
2015-10-09,140.466599
2015-10-10,140.445099
2015-10-11,140.356999
2015-10-12,140.185
2015-10-13,140.465801
2015-10-14,140.8046
2015-10-15,140.823201
2015-10-16,140.5769
2015-10-17,140.7334
2015-10-18,140.551
2015-10-19,140.904001
2015-10-20,140.934401
2015-10-21,141.082
2015-10-22,140.844301
2015-10-23,141.075501
2015-10-24,141.377201
2015-10-25,140.925001
2015-10-26,141.068999
2015-10-27,141.1933
2015-10-28,141.128001
2015-10-29,141.1397
2015-10-30,141.159301
2015-10-31,141.159301
2015-11-01,140.914001
2015-11-02,141.062
2015-11-03,141.0667
2015-11-04,141.373399
2015-11-05,141.496299
2015-11-06,141.700701
2015-11-07,141.599001
2015-11-08,141.625001
2015-11-09,141.998
2015-11-10,142.100799
2015-11-11,141.750399
2015-11-12,141.4448
2015-11-13,141.948701
2015-11-14,142.045001
2015-11-15,142.136001
2015-11-16,142.156999
2015-11-17,142.360999
2015-11-18,142.296001
2015-11-19,142.385699
2015-11-20,142.584201
2015-11-21,142.630801
2015-11-22,142.738401
2015-11-23,142.689001
2015-11-24,142.961799
2015-11-25,142.689701
2015-11-26,143.0602
2015-11-27,143.095999
2015-11-28,143.175199
2015-11-29,143.141599
2015-11-30,143.286999
2015-12-01,143.051199
2015-12-02,143.2108
2015-12-03,141.2192
2015-12-04,143.199901
2015-12-05,142.619501
2015-12-06,143.288001
2015-12-07,143.115999
2015-12-08,143.092
2015-12-09,142.721
2015-12-10,142.996999
2015-12-11,143.060399
2015-12-12,143.243899
2015-12-13,143.099999
2015-12-14,143.43875
2015-12-15,144.028999
2015-12-16,143.779601
2015-12-17,143.733899
2015-12-18,143.472201
2015-12-19,143.392301
2015-12-20,143.328001
2015-12-21,143.378
2015-12-22,143.619001
2015-12-23,143.763001
2015-12-24,143.612899
2015-12-25,143.405699
2015-12-26,143.330899
2015-12-27,143.270999
2015-12-28,143.770999
2015-12-29,144.2002
2015-12-30,144.0896
2015-12-31,144.458
2016-01-01,144.458
2016-01-02,144.5042
2016-01-03,144.545
2016-01-04,144.457001
2016-01-05,144.2907
2016-01-06,143.997699
2016-01-07,143.7388
2016-01-08,143.6941
2016-01-09,143.635
2016-01-10,143.426
2016-01-11,143.970001
2016-01-12,143.7532
2016-01-13,143.675401
2016-01-14,143.805101
2016-01-15,143.679199
2016-01-16,143.850899
2016-01-17,143.730999
2016-01-18,144.016001
2016-01-19,143.784801
2016-01-20,144.197099
2016-01-21,144.172699
2016-01-22,144.29775
2016-01-23,144.337875
2016-01-24,144.365
2016-01-25,144.035
2016-01-26,143.91175
2016-01-27,143.809801
2016-01-28,143.807701
2016-01-29,144.2469
2016-01-30,144.2556
2016-01-31,144.777
2016-02-01,143.895999
2016-02-02,144.119601
2016-02-03,143.269801
2016-02-04,143.977201
2016-02-05,143.7842
2016-02-06,144.0179
2016-02-07,144.071
2016-02-08,144.059001
2016-02-09,143.690301
2016-02-10,143.957501
2016-02-11,144.050099
2016-02-12,144.067999
2016-02-13,144.190199
2016-02-14,144.308999
2016-02-15,144.087001
2016-02-16,144.231199
2016-02-17,144.285199
2016-02-18,144.1842
2016-02-19,144.025199
2016-02-20,143.976599
2016-02-21,143.893999
2016-02-22,144.066999
2016-02-23,144.178601
2016-02-24,143.830801
2016-02-25,144.3122
2016-02-26,144.6186
2016-02-27,144.7273
2016-02-28,145.395
2016-02-29,144.618999
2016-03-01,144.7462
2016-03-02,144.612
2016-03-03,144.2468
2016-03-04,144.637
2016-03-05,144.5617
2016-03-06,144.661
2016-03-07,144.840999
2016-03-08,144.974801
2016-03-09,144.8118
2016-03-10,145.025501
2016-03-11,144.870999
2016-03-12,144.595699
2016-03-13,144.650999
2016-03-14,145.002
2016-03-15,144.8778
2016-03-16,144.3905
2016-03-17,145.147799
2016-03-18,144.8571
2016-03-19,145.0453
2016-03-20,145.083
2016-03-21,145.397999
2016-03-22,145.360299
2016-03-23,146.258501
2016-03-24,146.675601
2016-03-25,146.867201
2016-03-26,146.942001
2016-03-27,146.906001
2016-03-28,146.845001
2016-03-29,147.669901
2016-03-30,148.816799
2016-03-31,146.9885
2016-04-01,146.894601
2016-04-02,146.559101
2016-04-03,146.403001
2016-04-04,145.355001
2016-04-05,144.859401
2016-04-06,144.493201
2016-04-07,144.997401
2016-04-08,144.576499
2016-04-09,144.667099
2016-04-10,144.646999
2016-04-11,144.845
2016-04-12,144.9892
2016-04-13,145.966001
2016-04-14,146.037301
2016-04-15,145.307699
2016-04-16,145.172499
2016-04-17,145.066999
2016-04-18,145.332999
2016-04-19,145.8404
2016-04-20,146.226701
2016-04-21,146.4092
2016-04-22,146.229601
2016-04-23,146.147201
2016-04-24,146.108001
2016-04-25,146.216001
2016-04-26,146.379001
2016-04-27,146.2786
2016-04-28,146.193899
2016-04-29,145.9564
2016-04-30,145.9087
2016-05-01,145.6765
2016-05-02,146.245001
2016-05-03,145.914299
2016-05-04,145.882001
2016-05-05,146.307999
2016-05-06,145.973901
2016-05-07,145.997801
2016-05-08,145.956001
2016-05-09,146.049999
2016-05-10,146.007201
2016-05-11,146.082401
2016-05-12,145.899499
2016-05-13,146.050699
2016-05-14,146.122299
2016-05-15,146.197999
2016-05-16,146.415001
2016-05-17,146.374
2016-05-18,146.037999
2016-05-19,146.451999
2016-05-20,146.7508
2016-05-21,146.8277
2016-05-22,146.863
2016-05-23,147.018999
2016-05-24,146.7918
2016-05-25,146.8155
2016-05-26,146.945901
2016-05-27,147.180599
2016-05-28,147.221599
2016-05-29,147.264999
2016-05-30,147.802999
2016-05-31,147.879499
2016-06-01,148.1928
2016-06-02,148.368101
2016-06-03,147.5532
2016-06-04,147.5727
2016-06-05,147.423
2016-06-06,146.254001
2016-06-07,145.762099
2016-06-08,145.652498
2016-06-09,145.664376
2016-06-10,145.653252
2016-06-11,145.685752
2016-06-12,145.528752
2016-06-13,145.128
2016-06-14,144.8849
2016-06-15,144.615401
2016-06-16,145.285299
2016-06-17,144.9957
2016-06-18,144.9806
2016-06-19,144.874
2016-06-20,145.400001
2016-06-21,146.336799
2016-06-22,146.391799
2016-06-23,146.931899
2016-06-24,146.675001
2016-06-25,146.728901
2016-06-26,146.507001
2016-06-27,147.261001
2016-06-28,147.8469
2016-06-29,147.1764
2016-06-30,146.146301
2016-07-01,145.864101
2016-07-02,145.888201
2016-07-03,145.834001
2016-07-04,146.085999
2016-07-05,146.683801
2016-07-06,145.966501
2016-07-07,145.995501
2016-07-08,145.310301
2016-07-09,145.334401
2016-07-10,145.362001
2016-07-11,145.511001
2016-07-12,146.251199
2016-07-13,145.7954
2016-07-14,145.7276
2016-07-15,145.899994
2016-07-16,145.899994
2016-07-17,145.899994
2016-07-18,145.749869
2016-07-19,146.000229
2016-07-20,146.240005
2016-07-21,145.880005
2016-07-22,145.503777
2016-07-23,145.503777
2016-07-24,145.498353
2016-07-25,145.929993
2016-07-26,145.949997
2016-07-27,146.020004
2016-07-28,145.669998
2016-07-29,145.800003
2016-07-30,145.800003
2016-07-31,145.800003
2016-08-01,145.979996
2016-08-02,145.979996
2016-08-03,145.699997
2016-08-04,145.749667
2016-08-05,145.600006
2016-08-06,145.600006
2016-08-07,145.600006
2016-08-08,145.539993
2016-08-09,145.399994
2016-08-10,145.699997
2016-08-11,145.199997
2016-08-12,145.300003
2016-08-13,145.300003
2016-08-14,145.300003
2016-08-15,145.300003
2016-08-16,145.350006
2016-08-17,144.970001
2016-08-18,145.539993
2016-08-19,145.270004
2016-08-20,145.270004
2016-08-21,145.270004
2016-08-22,145.300003
2016-08-23,145.50435
2016-08-24,145.399994
2016-08-25,145.300003
2016-08-26,145.429993
2016-08-27,145.429993
2016-08-28,145.429993
2016-08-29,145.699997
2016-08-30,145.495747
2016-08-31,145.300003
2016-09-01,145.300003
2016-09-02,145.503777
2016-09-03,145.503777
2016-09-04,145.492106
2016-09-05,145.449997
2016-09-06,145.399994
2016-09-07,145.24993
2016-09-08,145.100006
2016-09-09,145.100006
2016-09-10,145.100006
2016-09-11,145.100006
2016-09-12,144.800003
2016-09-13,144.800003
2016-09-14,145.502945
2016-09-15,145.750311
2016-09-16,145.399994
2016-09-17,145.399994
2016-09-18,145.399994
2016-09-19,145.749776
2016-09-20,145.699997
2016-09-21,145.899994
2016-09-22,145.999856
2016-09-23,146.300003
2016-09-24,146.300003
2016-09-25,146.300003
2016-09-26,146.149994
2016-09-27,145.749746
2016-09-28,146.499088
2016-09-29,146.199997
2016-09-30,146.449997
2016-10-01,146.449997
2016-10-02,146.449997
2016-10-03,146.350006
2016-10-04,146.330002
2016-10-05,146.300003
2016-10-06,146.380005
2016-10-07,146.520004
2016-10-08,146.520004
2016-10-09,146.520004
2016-10-10,146.580002
2016-10-11,147.070007
2016-10-12,146.949997
2016-10-13,146.880005
2016-10-14,146.699997
2016-10-15,146.699997
2016-10-16,146.699997
2016-10-17,146.949997
2016-10-18,146.949997
2016-10-19,146.749979
2016-10-20,146.649994
2016-10-21,147.270004
2016-10-22,147.270004
2016-10-23,147.270004
2016-10-24,146.899994
2016-10-25,147.300003
2016-10-26,147.169998
2016-10-27,147.800003
2016-10-28,147.750382
2016-10-29,147.750382
2016-10-30,147.750109
2016-10-31,147.750151
2016-11-01,147.749916
2016-11-02,148.130005
2016-11-03,147.949997
2016-11-04,147.880005
2016-11-05,147.880005
2016-11-06,147.880005
2016-11-07,147.899994
2016-11-08,147.699997
2016-11-09,147.649994
2016-11-10,147.399994
2016-11-11,147.550003
2016-11-12,147.550003
2016-11-13,147.550003
2016-11-14,147.550003
2016-11-15,147.630005
2016-11-16,147.880005
2016-11-17,147.770004
2016-11-18,147.880005
2016-11-19,147.880005
2016-11-20,147.880005
2016-11-21,148.350006
2016-11-22,148.000209
2016-11-23,148.149994
2016-11-24,147.999775
2016-11-25,148.100006
2016-11-26,148.100006
2016-11-27,148.100006
2016-11-28,148.350006
2016-11-29,148.899994
2016-11-30,148.464141
2016-12-01,148.179993
2016-12-02,148.350006
2016-12-03,148.350006
2016-12-04,148.350006
2016-12-05,148.300003
2016-12-06,148.496166
2016-12-07,148.149994
2016-12-08,148.320007
2016-12-09,148.503777
2016-12-10,148.503777
2016-12-11,148.500526
2016-12-12,148.960007
2016-12-13,148.960007
2016-12-14,148.330002
2016-12-15,148.491475
2016-12-16,149.300003
2016-12-17,149.300003
2016-12-18,149.300003
2016-12-19,149.300003
2016-12-20,149.149994
2016-12-21,149.410004
2016-12-22,149.789993
2016-12-23,149.550003
2016-12-24,149.550003
2016-12-25,149.550003
2016-12-26,149.503104
2016-12-27,149.300003
2016-12-28,149.699997
2016-12-29,149.600006
2016-12-30,149.503777
2016-12-31,149.503777
2017-01-01,149.503998
2017-01-02,149.494672
2017-01-03,149.449997
2017-01-04,149.860001
2017-01-05,149.899994
2017-01-06,149.850006
2017-01-07,149.850006
2017-01-08,149.850006
2017-01-09,149.749931
2017-01-10,149.899994
2017-01-11,149.949997
2017-01-12,149.949997
2017-01-13,149.820007
2017-01-14,149.820007
2017-01-15,149.820007
2017-01-16,149.850006
2017-01-17,149.749821
2017-01-18,150.080002
2017-01-19,150.199997
2017-01-20,150.070007
2017-01-21,150.070007
2017-01-22,150.070007
2017-01-23,149.949997
2017-01-24,149.919998
2017-01-25,150.100006
2017-01-26,150.100006
2017-01-27,150.000348
2017-01-28,150.000348
2017-01-29,150.00029
2017-01-30,150.199997
2017-01-31,150.149994
2017-02-01,150.449997
2017-02-02,150.199997
2017-02-03,150.250382
2017-02-04,150.250382
2017-02-05,150.249692
2017-02-06,150.49652
2017-02-07,150.449997
2017-02-08,150.630005
2017-02-09,150.600006
2017-02-10,150.350006
2017-02-11,150.350006
2017-02-12,150.350006
2017-02-13,150.600006
2017-02-14,150.449997
2017-02-15,149.994976
2017-02-16,150.159745
2017-02-17,151.140382
2017-02-18,151.140382
2017-02-19,151.329787
2017-02-20,151.302276
2017-02-21,151.935055
2017-02-22,151.695024
2017-02-23,152.120119
2017-02-24,151.810382
2017-02-25,151.810382
2017-02-26,153.115012
2017-02-27,151.749471
2017-02-28,151.259995
2017-03-01,151.179993
2017-03-02,151.100006
2017-03-03,151.179993
2017-03-04,151.179993
2017-03-05,151.179993
2017-03-06,151.139999
2017-03-07,151.100006
2017-03-08,151.149994
2017-03-09,151.300003
2017-03-10,151.250382
2017-03-11,151.250382
2017-03-12,151.249809
2017-03-13,151.25021
2017-03-14,151.399994
2017-03-15,152.100006
2017-03-16,151.749665
2017-03-17,152.210007
2017-03-18,152.210007
2017-03-19,152.210007
2017-03-20,151.960007
2017-03-21,151.800003
2017-03-22,151.496542
2017-03-23,151.949997
2017-03-24,151.503775
2017-03-25,151.503775
2017-03-26,151.503866
2017-03-27,151.699997
2017-03-28,152.020004
2017-03-29,151.850006
2017-03-30,152.039993
2017-03-31,151.729996
2017-04-01,151.729996
2017-04-02,151.729996
2017-04-03,151.940002
2017-04-04,151.649994
2017-04-05,151.550003
2017-04-06,151.699997
2017-04-07,151.649994
2017-04-08,151.649994
2017-04-09,151.770004
2017-04-10,151.369995
2017-04-11,152.31989
2017-04-12,152.009995
2017-04-13,151.979996
2017-04-14,151.979996
2017-04-15,151.979996
2017-04-16,152.119995
2017-04-17,151.880005
2017-04-18,151.800003
2017-04-19,151.949997
2017-04-20,152.190002
2017-04-21,151.949997
2017-04-22,151.949997
2017-04-23,151.949997
2017-04-24,152.250103
2017-04-25,151.820007
2017-04-26,151.899994
2017-04-27,151.999732
2017-04-28,152.050003
2017-04-29,152.050003
2017-04-30,152.491204
2017-05-01,152.429993
2017-05-02,152.169998
2017-05-03,152.199997
2017-05-04,152.520004
2017-05-05,152.250382
2017-05-06,152.250382
2017-05-07,152.479996
2017-05-08,152.300003
2017-05-09,152.399994
2017-05-10,152.580002
2017-05-11,152.580002
2017-05-12,152.399994
2017-05-13,152.399994
2017-05-14,152.570007
2017-05-15,152.600006
2017-05-16,152.600006
2017-05-17,152.580002
2017-05-18,152.600006
2017-05-19,152.399994
2017-05-20,152.399994
2017-05-21,152.330002
2017-05-22,152.699997
2017-05-23,152.800003
2017-05-24,152.600006
2017-05-25,152.880005
2017-05-26,152.750382
2017-05-27,152.750382
2017-05-28,152.380005
2017-05-29,152.699997
2017-05-30,152.750037
2017-05-31,152.749689
2017-06-01,152.699997
2017-06-02,152.399994
2017-06-03,152.399994
2017-06-04,151.834974
2017-06-05,152.600006
2017-06-06,152.497339
2017-06-07,152.699997
2017-06-08,151.910004
2017-06-09,152.503775
2017-06-10,152.503775
2017-06-11,152.419998
2017-06-12,152.699997
2017-06-13,152.74969
2017-06-14,152.699997
2017-06-15,152.899994
2017-06-16,152.800003
2017-06-17,152.800003
2017-06-18,152.820007
2017-06-19,153.100006
2017-06-20,153.149994
2017-06-21,153.100006
2017-06-22,153.050003
2017-06-23,153.199997
2017-06-24,153.199997
2017-06-25,153.199997
2017-06-26,153.199997
2017-06-27,153.199997
2017-06-28,153.350006
2017-06-29,153.449997
2017-06-30,153.449997
2017-07-01,153.449997
2017-07-02,153.449997
2017-07-03,153.502368
2017-07-04,153.580002
2017-07-05,153.750304
2017-07-06,153.570007
2017-07-07,153.550003
2017-07-08,153.550003
2017-07-09,153.520004
2017-07-10,153.699997
2017-07-11,153.699997
2017-07-12,153.649994
2017-07-13,153.600006
2017-07-14,153.600006
2017-07-15,153.600006
2017-07-16,153.539993
2017-07-17,153.699997
2017-07-18,153.749436
2017-07-19,153.729996
2017-07-20,153.600006
2017-07-21,153.600006
2017-07-22,153.600006
2017-07-23,153.649994
2017-07-24,153.449997
2017-07-25,153.550003
2017-07-26,153.550003
2017-07-27,153.699997
2017-07-28,153.699997
2017-07-29,153.699997
2017-07-30,153.600006
2017-07-31,153.550003
2017-08-01,153.399994
2017-08-02,153.449997
2017-08-03,153.449997
2017-08-04,153.399994
2017-08-05,153.399994
2017-08-06,153.419998
2017-08-07,153.419998
2017-08-08,153.300003
2017-08-09,153.199997
2017-08-10,153.289993
2017-08-11,153.000349
2017-08-12,153.000349
2017-08-13,153.050003
2017-08-14,153.149994
2017-08-15,153.149994
2017-08-16,153.199997
2017-08-17,153.300003
2017-08-18,153.250382
2017-08-19,153.250382
2017-08-20,153.300003
2017-08-21,153.100006
2017-08-22,152.910004
2017-08-23,152.979996
2017-08-24,152.899994
2017-08-25,152.899994
2017-08-26,152.899994
2017-08-27,152.899994
2017-08-28,152.949997
2017-08-29,152.850006
2017-08-30,152.820007
2017-08-31,152.669998
2017-09-01,152.699997
2017-09-02,152.699997
2017-09-03,152.699997
2017-09-04,152.350006
2017-09-05,152.350006
2017-09-06,152.589996
2017-09-07,152.509995
2017-09-08,152.699997
2017-09-09,152.699997
2017-09-10,152.699997
2017-09-11,152.800003
2017-09-12,152.850006
2017-09-13,153.020004
2017-09-14,152.850006
2017-09-15,152.850006
2017-09-16,152.850006
2017-09-17,152.850006
2017-09-18,153.000145
2017-09-19,153.130005
2017-09-20,152.600006
2017-09-21,152.699997
2017-09-22,152.750382
2017-09-23,152.750382
2017-09-24,152.75042
2017-09-25,153.000004
2017-09-26,152.999678
2017-09-27,153.050003
2017-09-28,153.050003
2017-09-29,153.050003
2017-09-30,153.050003
2017-10-01,153.050003
2017-10-02,153.070007
2017-10-03,153.199997
2017-10-04,153.300003
2017-10-05,153.199997
2017-10-06,153.199997
2017-10-07,153.199997
2017-10-08,153.199997
2017-10-09,153.300003
2017-10-10,153.399994
2017-10-11,153.479996
2017-10-12,153.699997
2017-10-13,153.699997
2017-10-14,153.699997
2017-10-15,153.699997
2017-10-16,153.550003
2017-10-17,153.600006
2017-10-18,153.600006
2017-10-19,153.600006
2017-10-20,153.600006
2017-10-21,153.600006
2017-10-22,153.600006
2017-10-23,153.600006
2017-10-24,153.749954
2017-10-25,153.800003
2017-10-26,153.550003
2017-10-27,153.503777
2017-10-28,153.503777
2017-10-29,153.49565
2017-10-30,153.550003
2017-10-31,153.550003
2017-11-01,153.649994
2017-11-02,153.550003
2017-11-03,153.550003
2017-11-04,153.550003
2017-11-05,153.550003
2017-11-06,153.550003
2017-11-07,153.350006
2017-11-08,153.300003
2017-11-09,153.488667
2017-11-10,153.550003
2017-11-11,153.550003
2017-11-12,153.550003
2017-11-13,153.600006
2017-11-14,153.550003
2017-11-15,153.749872
2017-11-16,153.600006
2017-11-17,153.550003
2017-11-18,153.550003
2017-11-19,153.550003
2017-11-20,153.699997
2017-11-21,153.750006
2017-11-22,153.699997
2017-11-23,153.649994
2017-11-24,153.699997
2017-11-25,153.699997
2017-11-26,153.699997
2017-11-27,153.550003
2017-11-28,153.749934
2017-11-29,153.699997
2017-11-30,153.550003
2017-12-01,153.550003
2017-12-02,153.550003
2017-12-03,153.550003
2017-12-04,153.506258
2017-12-05,153.300003
2017-12-06,153.250131
2017-12-07,153.350006
2017-12-08,153.100006
2017-12-09,153.100006
2017-12-10,153.100006
2017-12-11,152.999415
2017-12-12,153.070007
2017-12-13,153.100006
2017-12-14,153.149994
2017-12-15,153.100006
2017-12-16,153.100006
2017-12-17,153.100006
2017-12-18,153.100006
2017-12-19,153.050003
2017-12-20,152.999857
2017-12-21,152.850006
2017-12-22,152.850006
2017-12-23,152.850006
2017-12-24,152.850006
2017-12-25,152.850006
2017-12-26,152.600006
2017-12-27,152.350006
2017-12-28,153.300003
2017-12-29,153.399994
2017-12-30,153.399994
2017-12-31,153.399994
2018-01-01,153.399994
2018-01-02,153.399994
2018-01-03,153.600006
2018-01-04,153.600006
2018-01-05,153.449997
2018-01-06,153.449997
2018-01-07,153.449997
2018-01-08,153.699997
2018-01-09,153.699997
2018-01-10,153.74974
2018-01-11,153.699997
2018-01-12,153.899994
2018-01-13,153.899994
2018-01-14,153.899994
2018-01-15,153.899994
2018-01-16,153.850006
2018-01-17,153.899994
2018-01-18,153.750079
2018-01-19,153.850006
2018-01-20,153.850006
2018-01-21,153.850006
2018-01-22,154.00026
2018-01-23,154.100006
2018-01-24,153.699997
2018-01-25,153.699997
2018-01-26,153.699997
2018-01-27,153.699997
2018-01-28,153.699997
2018-01-29,153.649994
2018-01-30,153.899994
2018-01-31,153.899994
2018-02-01,153.759995
2018-02-02,154.050003
2018-02-03,154.050003
2018-02-04,154.050003
2018-02-05,154.199997
2018-02-06,154.649994
2018-02-07,154.497841
2018-02-08,154.300003
2018-02-09,154.000349
2018-02-10,154.000349
2018-02-11,154.00007
2018-02-12,154.850006
2018-02-13,154.850006
2018-02-14,155.506089
2018-02-15,154.850006
2018-02-16,155.119995
2018-02-17,155.119995
2018-02-18,155.119995
2018-02-19,155.350006
2018-02-20,155.399994
2018-02-21,155.149994
2018-02-22,155.149994
2018-02-23,155.100006
2018-02-24,155.100006
2018-02-25,155.100006
2018-02-26,154.800003
2018-02-27,154.800003
2018-02-28,154.949997
2018-03-01,154.949997
2018-03-02,154.949997
2018-03-03,154.949997
2018-03-04,154.949997
2018-03-05,154.899994
2018-03-06,154.999922
2018-03-07,155.300003
2018-03-08,155.350006
2018-03-09,155.399994
2018-03-10,155.399994
2018-03-11,155.399994
2018-03-12,155.600006
2018-03-13,155.649994
2018-03-14,155.800003
2018-03-15,155.949997
2018-03-16,155.949997
2018-03-17,155.949997
2018-03-18,155.949997
2018-03-19,155.999375
2018-03-20,156.050003
2018-03-21,156.000351
2018-03-22,156.100006
2018-03-23,156.100006
2018-03-24,156.100006
2018-03-25,156.100006
2018-03-26,156.000506
2018-03-27,155.999606
2018-03-28,155.600006
2018-03-29,155.520004
2018-03-30,155.520004
2018-03-31,155.520004
2018-04-01,155.520004
2018-04-02,155.503027
2018-04-03,155.749787
2018-04-04,155.850006
2018-04-05,155.399994
2018-04-06,155.399994
2018-04-07,155.399994
2018-04-08,155.399994
2018-04-09,155.449997
2018-04-10,155.449997
2018-04-11,155.600006
2018-04-12,155.600006
2018-04-13,155.600006
2018-04-14,155.600006
2018-04-15,155.600006
2018-04-16,155.850006
2018-04-17,156.300003
2018-04-18,156.300003
2018-04-19,156.050003
2018-04-20,156.300003
2018-04-21,156.300003
2018-04-22,156.300003
2018-04-23,156.749959
2018-04-24,156.899994
2018-04-25,157.600006
2018-04-26,157.509995
2018-04-27,157.399994
2018-04-28,157.399994
2018-04-29,157.399994
2018-04-30,157.869995
2018-05-01,157.869995
2018-05-02,157.449997
2018-05-03,157.740005
2018-05-04,157.619995
2018-05-05,157.619995
2018-05-06,157.619995
2018-05-07,157.429993
2018-05-08,157.449997
2018-05-09,157.850006
2018-05-10,157.699997
2018-05-11,157.770004
2018-05-12,157.770004
2018-05-13,157.770004
2018-05-14,157.949997
2018-05-15,157.999812
2018-05-16,157.999866
2018-05-17,157.800003
2018-05-18,157.649994
2018-05-19,157.649994
2018-05-20,157.649994
2018-05-21,157.699997
2018-05-22,157.800003
2018-05-23,157.750336
2018-05-24,157.899994
2018-05-25,157.899994
2018-05-26,157.899994
2018-05-27,157.899994
2018-05-28,157.850006
2018-05-29,157.850006
2018-05-30,157.999772
2018-05-31,158.149994
2018-06-01,158.550003
2018-06-02,158.550003
2018-06-03,158.550003
2018-06-04,158.449997
2018-06-05,158.199997
2018-06-06,158.600006
2018-06-07,158.800003
2018-06-08,158.919998
2018-06-09,158.919998
2018-06-10,158.397829
2018-06-11,159.100006
2018-06-12,159.399994
2018-06-13,159.600006
2018-06-14,159.500947
2018-06-15,159.503777
2018-06-16,159.503777
2018-06-17,159.494723
2018-06-18,159.550003
2018-06-19,159.899994
2018-06-20,159.800003
2018-06-21,159.399994
2018-06-22,158.899994
2018-06-23,158.899994
2018-06-24,158.899994
2018-06-25,158.800003
2018-06-26,158.250313
2018-06-27,158.250279
2018-06-28,158.199997
2018-06-29,158.199997
2018-06-30,158.199997
2018-07-01,158.199997
2018-07-02,158.300003
2018-07-03,158.300003
2018-07-04,158.600006
2018-07-05,158.899994
2018-07-06,159.100006
2018-07-07,159.100006
2018-07-08,158.250103
2018-07-09,159.250149
2018-07-10,159.199997
2018-07-11,159.300003
2018-07-12,159.300003
2018-07-13,159.449997
2018-07-14,159.449997
2018-07-15,159.449997
2018-07-16,159.699997
2018-07-17,159.800003
2018-07-18,159.800003
2018-07-19,159.850006
2018-07-20,159.850006
2018-07-21,159.850006
2018-07-22,159.850006
2018-07-23,159.399994
2018-07-24,159.350006
2018-07-25,159.499962
2018-07-26,159.496279
2018-07-27,159.503777
2018-07-28,159.503777
2018-07-29,159.610209
2018-07-30,159.660024
2018-07-31,159.660082
2018-08-01,159.509957
2018-08-02,159.689766
2018-08-03,159.810382
2018-08-04,159.810382
2018-08-05,159.810031
2018-08-06,159.749823
2018-08-07,159.760129
2018-08-08,159.849754
2018-08-09,159.960194
2018-08-10,159.960382
2018-08-11,159.960382
2018-08-12,159.960045
2018-08-13,160.010118
2018-08-14,160.139786
2018-08-15,160.158884
2018-08-16,160.490443
2018-08-17,160.460382
2018-08-18,160.460382
2018-08-19,160.460347
2018-08-20,160.510278
2018-08-21,160.610188
2018-08-22,160.549979
2018-08-23,160.860012
2018-08-24,160.350382
2018-08-25,160.350382
2018-08-26,160.349932
2018-08-27,161.089743
2018-08-28,161.259719
2018-08-29,161.389842
2018-08-30,161.459803
2018-08-31,161.490382
2018-09-01,161.490382
2018-09-02,161.490222
2018-09-03,161.587821
2018-09-04,161.89035
2018-09-05,162.210335
2018-09-06,161.609895
2018-09-07,162.040382
2018-09-08,162.040382
2018-09-09,162.040109
2018-09-10,162.389982
2018-09-11,162.259902
2018-09-12,162.49516
2018-09-13,162.850556
2018-09-14,163.790382
2018-09-15,163.790382
2018-09-16,163.789899
2018-09-17,164.909845
2018-09-18,165.840483
2018-09-19,167.129728
2018-09-20,168.779848
2018-09-21,168.680382
2018-09-22,168.240382
2018-09-23,168.240046
2018-09-24,168.874989
2018-09-25,168.759731
2018-09-26,168.960415
2018-09-27,169.260286
2018-09-28,169.160382
2018-09-29,169.160382
2018-09-30,169.159951
2018-10-01,169.14019
2018-10-02,169.319955
2018-10-03,169.850252
2018-10-04,170.050379
2018-10-05,170.290382
2018-10-06,169.655039
2018-10-07,169.654992
2018-10-08,170.640245
2018-10-09,171.039442
2018-10-10,171.25993
2018-10-11,171.290065
2018-10-12,169.740382
2018-10-13,169.740382
2018-10-14,169.739659
2018-10-15,170.360121
2018-10-16,170.859701
2018-10-17,171.040236
2018-10-18,171.28989
2018-10-19,171.770382
2018-10-20,171.770382
2018-10-21,171.770325
2018-10-22,172.590413
2018-10-23,172.659513
2018-10-24,172.750172
2018-10-25,172.759871
2018-10-26,172.910382
2018-10-27,172.910382
2018-10-28,172.209654
2018-10-29,172.23013
2018-10-30,172.220079
2018-10-31,172.220134
2018-11-01,172.230203
2018-11-02,172.220382
2018-11-03,172.220382
2018-11-04,172.220108
2018-11-05,172.220283
2018-11-06,172.220221
2018-11-07,172.220131
2018-11-08,172.220376
2018-11-09,172.210382
2018-11-10,172.210382
2018-11-11,172.209726
2018-11-12,175.680089
2018-11-13,176.109989
2018-11-14,176.21006
2018-11-15,176.559549
2018-11-16,176.740382
2018-11-17,175.345039
2018-11-18,175.345027
2018-11-19,177.250257
2018-11-20,177.279632
2018-11-21,178.720216
2018-11-22,178.809792
2018-11-23,179.610382
2018-11-24,179.685039
2018-11-25,179.684962
2018-11-26,180.239631
2018-11-27,180.359934
2018-11-28,179.660194
2018-11-29,179.740263
2018-11-30,178.850382
2018-12-01,179.650382
2018-12-02,179.650199
2018-12-03,178.839964
2018-12-04,179.04004
2018-12-05,179.339626
2018-12-06,179.240245
2018-12-07,178.560382
2018-12-08,178.560382
2018-12-09,178.560482
2018-12-10,178.960159
2018-12-11,179.290022
2018-12-12,179.440299
2018-12-13,179.740202
2018-12-14,179.803777
2018-12-15,179.803777
2018-12-16,179.802564
2018-12-17,179.900773
2018-12-18,180.060285
2018-12-19,180.360148
2018-12-20,180.990058
2018-12-21,181.210382
2018-12-22,181.210382
2018-12-23,181.210497
2018-12-24,181.539909
2018-12-25,181.55982
2018-12-26,181.660259
2018-12-27,182.340282
2018-12-28,183.000349
2018-12-29,183.000349
2018-12-30,183.000309
2018-12-31,182.889441
2019-01-01,182.839983
2019-01-02,182.940207
2019-01-03,182.91056
2019-01-04,182.750382
2019-01-05,182.750382
2019-01-06,182.749961
2019-01-07,182.259881
2019-01-08,182.590241
2019-01-09,182.459792
2019-01-10,182.039566
2019-01-11,181.940382
2019-01-12,181.940382
2019-01-13,181.940081
2019-01-14,182.249716
2019-01-15,182.329686
2019-01-16,182.359767
2019-01-17,181.54249
2019-01-18,181.650382
2019-01-19,181.650382
2019-01-20,181.649816
2019-01-21,181.798684
2019-01-22,182.15978
2019-01-23,182.189692
2019-01-24,181.739797
2019-01-25,181.640382
2019-01-26,180.790382
2019-01-27,180.790271
2019-01-28,181.570125
2019-01-29,180.860312
2019-01-30,179.390107
2019-01-31,179.044948
2019-02-01,176.660382
2019-02-02,176.660382
2019-02-03,176.660024
2019-02-04,176.650137
2019-02-05,178.499363
2019-02-06,177.610018
2019-02-07,177.739832
2019-02-08,177.740382
2019-02-09,177.815039
2019-02-10,177.814967
2019-02-11,177.760053
2019-02-12,178.299391
2019-02-13,178.502101
2019-02-14,178.540419
2019-02-15,178.660382
2019-02-16,178.660382
2019-02-17,178.660199
2019-02-18,179.609804
2019-02-19,179.600451
2019-02-20,179.700271
2019-02-21,179.509583
2019-02-22,179.480382
2019-02-23,179.430382
2019-02-24,179.430214
2019-02-25,179.740246
2019-02-26,179.859974
2019-02-27,179.859962
2019-02-28,180.04008
2019-03-01,179.750382
2019-03-02,179.750382
2019-03-03,179.75037
2019-03-04,179.779918
2019-03-05,179.040281
2019-03-06,178.490107
2019-03-07,178.639824
2019-03-08,178.540382
2019-03-09,178.540382
2019-03-10,178.165012
2019-03-11,178.6202
2019-03-12,178.750154
2019-03-13,178.840227
2019-03-14,178.840281
2019-03-15,178.550382
2019-03-16,178.550382
2019-03-17,178.55016
2019-03-18,178.660253
2019-03-19,178.489991
2019-03-20,178.420318
2019-03-21,178.089798
2019-03-22,178.060382
2019-03-23,177.710382
2019-03-24,177.709851
2019-03-25,178.130012
2019-03-26,177.359773
2019-03-27,176.159853
2019-03-28,176.189828
2019-03-29,175.470382
2019-03-30,175.470382
2019-03-31,175.469862
2019-04-01,174.390451
2019-04-02,174.55028
2019-04-03,174.71006
2019-04-04,174.64008
2019-04-05,174.790382
2019-04-06,174.790382
2019-04-07,174.790089
2019-04-08,174.670089
2019-04-09,174.759875
2019-04-10,174.639721
2019-04-11,175.039669
2019-04-12,174.530382
2019-04-13,174.505039
2019-04-14,174.504955
2019-04-15,174.579957
2019-04-16,174.679794
2019-04-17,174.590166
2019-04-18,174.110067
2019-04-19,174.503777
2019-04-20,174.503777
2019-04-21,174.503937
2019-04-22,174.640247
2019-04-23,174.689604
2019-04-24,174.895879
2019-04-25,175.259732
2019-04-26,175.460382
2019-04-27,175.035039
2019-04-28,175.034986
2019-04-29,175.790249
2019-04-30,176.189823
2019-05-01,175.989757
2019-05-02,176.589964
2019-05-03,177.370382
2019-05-04,177.370382
2019-05-05,177.369704
2019-05-06,177.43965
2019-05-07,177.000037
2019-05-08,174.710104
2019-05-09,175.459728
2019-05-10,176.340382
2019-05-11,176.340382
2019-05-12,176.340022
2019-05-13,176.639849
2019-05-14,176.759878
2019-05-15,176.259724
2019-05-16,176.039635
2019-05-17,175.810382
2019-05-18,175.810382
2019-05-19,175.809536
2019-05-20,175.780117
2019-05-21,176.160154
2019-05-22,176.924979
2019-05-23,176.520217
2019-05-24,176.470382
2019-05-25,176.075039
2019-05-26,176.074984
2019-05-27,176.250203
2019-05-28,176.685029
2019-05-29,176.299513
2019-05-30,176.390244
2019-05-31,176.360382
2019-06-01,176.360382
2019-06-02,175.575021
2019-06-03,176.52989
2019-06-04,176.440014
2019-06-05,176.449663
2019-06-06,176.429777
2019-06-07,176.440382
2019-06-08,176.440382
2019-06-09,176.439783
2019-06-10,176.449696
2019-06-11,176.449776
2019-06-12,176.509722
2019-06-13,176.610131
2019-06-14,176.710382
2019-06-15,177.215039
2019-06-16,177.215001
2019-06-17,176.789804
2019-06-18,176.820346
2019-06-19,176.6902
2019-06-20,176.720272
2019-06-21,176.690382
2019-06-22,176.690382
2019-06-23,176.690242
2019-06-24,176.520003
2019-06-25,176.498186
2019-06-26,176.570077
2019-06-27,176.590335
2019-06-28,176.490382
2019-06-29,176.490382
2019-06-30,176.49049
2019-07-01,177.130015
2019-07-02,176.479843
2019-07-03,176.059594
2019-07-04,176.119798
2019-07-05,176.140382
2019-07-06,176.140382
2019-07-07,176.139473
2019-07-08,176.139752
2019-07-09,176.140073
2019-07-10,176.140402
2019-07-11,176.140153
2019-07-12,176.140382
2019-07-13,176.140382
2019-07-14,176.140408
2019-07-15,175.730234
2019-07-16,175.749898
2019-07-17,175.680031
2019-07-18,175.739799
2019-07-19,175.803777
2019-07-20,175.875039
2019-07-21,175.875004
2019-07-22,175.869657
2019-07-23,176.050011
2019-07-24,176.210202
2019-07-25,176.180017
2019-07-26,176.190382
2019-07-27,176.190382
2019-07-28,176.18974
2019-07-29,176.230785
2019-07-30,176.249667
2019-07-31,176.310322
2019-08-01,176.509793
2019-08-02,176.660382
2019-08-03,176.660382
2019-08-04,176.660264
2019-08-05,176.940113
2019-08-06,177.530263
2019-08-07,177.402905
2019-08-08,176.880238
2019-08-09,176.890382
2019-08-10,176.890382
2019-08-11,176.88982
2019-08-12,176.904944
2019-08-13,176.909745
2019-08-14,177.569803
2019-08-15,177.170309
2019-08-16,177.170382
2019-08-17,177.170382
2019-08-18,177.17009
2019-08-19,177.439491
2019-08-20,177.959757
2019-08-21,178.86999
2019-08-22,179.505993
2019-08-23,180.050382
2019-08-24,177.075039
2019-08-25,177.074996
2019-08-26,179.602561
2019-08-27,179.759751
2019-08-28,180.339955
2019-08-29,180.440056
2019-08-30,179.440382
2019-08-31,179.440382
2019-09-01,179.440209
2019-09-02,179.890077
2019-09-03,180.389747
2019-09-04,180.589569
2019-09-05,180.760018
2019-09-06,180.910382
2019-09-07,179.240382
2019-09-08,179.239529
2019-09-09,180.155006
2019-09-10,180.409995
2019-09-11,180.359791
2019-09-12,180.360564
2019-09-13,180.310382
2019-09-14,180.310382
2019-09-15,180.309843
2019-09-16,180.489653
2019-09-17,180.649958
2019-09-18,180.760304
2019-09-19,180.960309
2019-09-20,181.190382
2019-09-21,181.190382
2019-09-22,181.190537
2019-09-23,181.496392
2019-09-24,181.160221
2019-09-25,181.640216
2019-09-26,181.77038
2019-09-27,181.903777
2019-09-28,181.840382
2019-09-29,181.839636
2019-09-30,182.419889
2019-10-01,181.650044
2019-10-02,181.390093
2019-10-03,181.405008
2019-10-04,181.585039
2019-10-05,181.650382
2019-10-06,181.64998
2019-10-07,180.724984
2019-10-08,180.334996
2019-10-09,180.559628
2019-10-10,180.595
2019-10-11,180.540382
2019-10-12,180.540382
2019-10-13,180.60326
2019-10-14,181.15088
2019-10-15,182.05866
2019-10-16,181.79119
2019-10-17,181.86174
2019-10-18,182.01633
2019-10-19,182.01633
2019-10-20,182.01633
2019-10-21,181.78538
2019-10-22,181.51552
2019-10-23,181.46979
2019-10-24,181.23474
2019-10-25,181.38672
2019-10-26,181.38672
2019-10-27,181.38672
2019-10-28,181.42598
2019-10-29,181.50745
2019-10-30,181.57291
2019-10-31,181.149021
2019-11-01,181.16755
2019-11-02,181.16755
2019-11-03,181.16755
2019-11-04,180.524149
2019-11-05,180.31622
2019-11-06,180.64996
2019-11-07,180.89248
2019-11-08,180.50629
2019-11-09,180.50629
2019-11-10,180.50629
2019-11-11,180.39829
2019-11-12,180.61596
2019-11-13,180.363099
2019-11-14,180.38275
2019-11-15,180.23182
2019-11-16,179.88526
2019-11-17,179.88526
2019-11-18,179.55978
2019-11-19,179.34995
2019-11-20,179.28618
2019-11-21,179.70253
2019-11-22,180.10383
2019-11-23,180.10383
2019-11-24,180.103831
2019-11-25,180.94758
2019-11-26,181.69584
2019-11-27,180.98696
2019-11-28,180.75988
2019-11-29,180.87897
2019-11-30,180.56706
2019-12-01,180.567059
2019-12-02,181.34533
2019-12-03,181.57335
2019-12-04,181.13251
2019-12-05,181.38618
2019-12-06,181.20326
2019-12-07,181.20326
2019-12-08,181.20326
2019-12-09,181.19183
2019-12-10,181.17162
2019-12-11,181.17076
2019-12-12,180.89187
2019-12-13,181.05382
2019-12-14,181.05382
2019-12-15,181.05382
2019-12-16,181.20654
2019-12-17,181.32203
2019-12-18,181.182302
2019-12-19,181.39346
2019-12-20,181.06899
2019-12-21,181.06899
2019-12-22,181.06899
2019-12-23,181.33479
2019-12-24,181.39916
2019-12-25,181.21507
2019-12-26,181.14398
2019-12-27,181.44185
2019-12-28,181.44185
2019-12-29,181.44185
2019-12-30,181.71461
2019-12-31,181.335399
