Year_Week,Brent_Price_USD,Start_Date,End_Date,trading_days_count
2000-W01,23.914,1/7/2000,1/13/2000,5
2000-W02,26.046,1/14/2000,1/20/2000,5
2000-W03,27.106,1/21/2000,1/27/2000,5
2000-W04,27.154,1/28/2000,2/3/2000,5
2000-W05,27.558,2/4/2000,2/10/2000,5
2000-W06,27.924,2/11/2000,2/17/2000,5
2000-W07,27.508,2/18/2000,2/24/2000,5
2000-W08,29.228,2/25/2000,3/2/2000,5
2000-W09,30.472,3/3/2000,3/9/2000,5
2000-W10,28.61,3/10/2000,3/16/2000,5
2000-W11,25.896,3/17/2000,3/23/2000,5
2000-W12,24.682,3/24/2000,3/30/2000,5
2000-W13,23.548,3/31/2000,4/6/2000,5
2000-W14,21.762,4/7/2000,4/13/2000,5
2000-W15,22.814,4/14/2000,4/20/2000,5
2000-W16,23.11,4/21/2000,4/27/2000,3
2000-W17,24.6775,4/28/2000,5/4/2000,4
2000-W18,26.292,5/5/2000,5/11/2000,5
2000-W19,28.464,5/12/2000,5/18/2000,5
2000-W20,28.834,5/19/2000,5/25/2000,5
2000-W21,29.8275,5/26/2000,6/1/2000,4
2000-W22,28.74,6/2/2000,6/8/2000,5
2000-W23,29.878,6/9/2000,6/15/2000,5
2000-W24,29.31,6/16/2000,6/22/2000,5
2000-W25,30.918,6/23/2000,6/29/2000,5
2000-W26,31.096,6/30/2000,7/6/2000,5
2000-W27,30.49,7/7/2000,7/13/2000,5
2000-W28,28.78,7/14/2000,7/20/2000,5
2000-W29,26.164,7/21/2000,7/27/2000,5
2000-W30,26.068,7/28/2000,8/3/2000,5
2000-W31,28.052,8/4/2000,8/10/2000,5
2000-W32,29.81,8/11/2000,8/17/2000,5
2000-W33,31.266,8/18/2000,8/24/2000,5
2000-W34,33.958,8/25/2000,8/31/2000,5
2000-W35,36.192,9/1/2000,9/7/2000,5
2000-W36,33.774,9/8/2000,9/14/2000,5
2000-W37,33.512,9/15/2000,9/21/2000,5
2000-W38,30.046,9/22/2000,9/28/2000,5
2000-W39,29.594,9/29/2000,10/5/2000,5
2000-W40,31.052,10/6/2000,10/12/2000,5
2000-W41,31.636,10/13/2000,10/19/2000,5
2000-W42,31.12,10/20/2000,10/26/2000,5
2000-W43,30.996,10/27/2000,11/2/2000,5
2000-W44,31.298,11/3/2000,11/9/2000,5
2000-W45,33.158,11/10/2000,11/16/2000,5
2000-W46,33.41,11/17/2000,11/23/2000,5
2000-W47,32.878,11/24/2000,11/30/2000,5
2000-W48,29.232,12/1/2000,12/7/2000,5
2000-W49,26.42,12/8/2000,12/14/2000,5
2000-W50,23.92,12/15/2000,12/21/2000,5
2000-W51,22.3667,12/22/2000,12/28/2000,3
2000-W52,23.505,12/29/2000,1/4/2001,4
2001-W01,24.846,1/5/2001,1/11/2001,5
2001-W02,25.238,1/12/2001,1/18/2001,5
2001-W03,26.996,1/19/2001,1/25/2001,5
2001-W04,26.814,1/26/2001,2/1/2001,5
2001-W05,29.494,2/2/2001,2/8/2001,5
2001-W06,28.214,2/9/2001,2/15/2001,5
2001-W07,26.392,2/16/2001,2/22/2001,5
2001-W08,25.432,2/23/2001,3/1/2001,5
2001-W09,25.826,3/2/2001,3/8/2001,5
2001-W10,24.72,3/9/2001,3/15/2001,5
2001-W11,23.464,3/16/2001,3/22/2001,5
2001-W12,24.126,3/23/2001,3/29/2001,5
2001-W13,23.9,3/30/2001,4/5/2001,5
2001-W14,25.446,4/6/2001,4/12/2001,5
2001-W15,26.512,4/13/2001,4/19/2001,5
2001-W16,25.79,4/20/2001,4/26/2001,5
2001-W17,27.13,4/27/2001,5/3/2001,5
2001-W18,27.696,5/4/2001,5/10/2001,5
2001-W19,28.076,5/11/2001,5/17/2001,5
2001-W20,29.436,5/18/2001,5/24/2001,5
2001-W21,28.8175,5/25/2001,5/31/2001,4
2001-W22,28.868,6/1/2001,6/7/2001,5
2001-W23,29.022,6/8/2001,6/14/2001,5
2001-W24,27.072,6/15/2001,6/21/2001,5
2001-W25,26.762,6/22/2001,6/28/2001,5
2001-W26,25.832,6/29/2001,7/5/2001,5
2001-W27,24.978,7/6/2001,7/12/2001,5
2001-W28,23.59,7/13/2001,7/19/2001,5
2001-W29,24.416,7/20/2001,7/26/2001,5
2001-W30,24.67,7/27/2001,8/2/2001,5
2001-W31,25.564,8/3/2001,8/9/2001,5
2001-W32,25.632,8/10/2001,8/16/2001,5
2001-W33,25.152,8/17/2001,8/23/2001,5
2001-W34,26.476,8/24/2001,8/30/2001,5
2001-W35,26.494,8/31/2001,9/6/2001,5
2001-W36,28.138,9/7/2001,9/13/2001,5
2001-W37,27.218,9/14/2001,9/20/2001,5
2001-W38,21.614,9/21/2001,9/27/2001,5
2001-W39,21.19,9/28/2001,10/4/2001,5
2001-W40,21.084,10/5/2001,10/11/2001,5
2001-W41,20.016,10/12/2001,10/18/2001,5
2001-W42,20.378,10/19/2001,10/25/2001,5
2001-W43,20.058,10/26/2001,11/1/2001,5
2001-W44,18.89,11/2/2001,11/8/2001,5
2001-W45,19.192,11/9/2001,11/15/2001,5
2001-W46,18.064,11/16/2001,11/22/2001,5
2001-W47,18.9,11/23/2001,11/29/2001,5
2001-W48,19.208,11/30/2001,12/6/2001,5
2001-W49,17.876,12/7/2001,12/13/2001,5
2001-W50,18.706,12/14/2001,12/20/2001,5
2001-W51,18.75,12/21/2001,12/27/2001,3
2001-W52,19.93,12/28/2001,1/3/2002,4
2002-W01,20.646,1/4/2002,1/10/2002,5
2002-W02,18.906,1/11/2002,1/17/2002,5
2002-W03,18.598,1/18/2002,1/24/2002,5
2002-W04,19.164,1/25/2002,1/31/2002,5
2002-W05,19.85,2/1/2002,2/7/2002,5
2002-W06,20.844,2/8/2002,2/14/2002,5
2002-W07,20.142,2/15/2002,2/21/2002,5
2002-W08,20.266,2/22/2002,2/28/2002,5
2002-W09,22.176,3/1/2002,3/7/2002,5
2002-W10,23.104,3/8/2002,3/14/2002,5
2002-W11,24.248,3/15/2002,3/21/2002,5
2002-W12,24.93,3/22/2002,3/28/2002,5
2002-W13,26.412,3/29/2002,4/4/2002,5
2002-W14,25.316,4/5/2002,4/11/2002,5
2002-W15,24.366,4/12/2002,4/18/2002,5
2002-W16,26.15,4/19/2002,4/25/2002,5
2002-W17,26.51,4/26/2002,5/2/2002,5
2002-W18,25.8775,5/3/2002,5/9/2002,4
2002-W19,26.638,5/10/2002,5/16/2002,5
2002-W20,24.948,5/17/2002,5/23/2002,5
2002-W21,23.978,5/24/2002,5/30/2002,5
2002-W22,23.2833,5/31/2002,6/6/2002,3
2002-W23,23,6/7/2002,6/13/2002,5
2002-W24,24.514,6/14/2002,6/20/2002,5
2002-W25,24.918,6/21/2002,6/27/2002,5
2002-W26,25.544,6/28/2002,7/4/2002,5
2002-W27,25.476,7/5/2002,7/11/2002,5
2002-W28,26.224,7/12/2002,7/18/2002,5
2002-W29,25.702,7/19/2002,7/25/2002,5
2002-W30,25.664,7/26/2002,8/1/2002,5
2002-W31,25.454,8/2/2002,8/8/2002,5
2002-W32,26.072,8/9/2002,8/15/2002,5
2002-W33,27.548,8/16/2002,8/22/2002,5
2002-W34,27.522,8/23/2002,8/29/2002,5
2002-W35,27.288,8/30/2002,9/5/2002,5
2002-W36,28.478,9/6/2002,9/12/2002,5
2002-W37,28.306,9/13/2002,9/19/2002,5
2002-W38,29.096,9/20/2002,9/26/2002,5
2002-W39,29.026,9/27/2002,10/3/2002,5
2002-W40,28.194,10/4/2002,10/10/2002,5
2002-W41,28.446,10/11/2002,10/17/2002,5
2002-W42,27.072,10/18/2002,10/24/2002,5
2002-W43,25.582,10/25/2002,10/31/2002,5
2002-W44,24.748,11/1/2002,11/7/2002,5
2002-W45,23.438,11/8/2002,11/14/2002,5
2002-W46,23.872,11/15/2002,11/21/2002,5
2002-W47,25.002,11/22/2002,11/28/2002,5
2002-W48,25.924,11/29/2002,12/5/2002,5
2002-W49,26.444,12/6/2002,12/12/2002,5
2002-W50,29.166,12/13/2002,12/19/2002,5
2002-W51,30.3767,12/20/2002,12/26/2002,3
2002-W52,30.9875,12/27/2002,1/2/2003,4
2003-W01,30.64,1/3/2003,1/9/2003,5
2003-W02,31.182,1/10/2003,1/16/2003,5
2003-W03,31.798,1/17/2003,1/23/2003,5
2003-W04,31.21,1/24/2003,1/30/2003,5
2003-W05,31.446,1/31/2003,2/6/2003,5
2003-W06,32.58,2/7/2003,2/13/2003,5
2003-W07,33.1,2/14/2003,2/20/2003,5
2003-W08,33.472,2/21/2003,2/27/2003,5
2003-W09,34.016,2/28/2003,3/6/2003,5
2003-W10,34.322,3/7/2003,3/13/2003,5
2003-W11,29.356,3/14/2003,3/20/2003,5
2003-W12,26.536,3/21/2003,3/27/2003,5
2003-W13,27.338,3/28/2003,4/3/2003,5
2003-W14,25.208,4/4/2003,4/10/2003,5
2003-W15,24.814,4/11/2003,4/17/2003,5
2003-W16,25.172,4/18/2003,4/24/2003,5
2003-W17,23.666,4/25/2003,5/1/2003,5
2003-W18,23.944,5/2/2003,5/8/2003,5
2003-W19,25.888,5/9/2003,5/15/2003,5
2003-W20,27.2,5/16/2003,5/22/2003,5
2003-W21,26.668,5/23/2003,5/29/2003,5
2003-W22,27.556,5/30/2003,6/5/2003,5
2003-W23,28.578,6/6/2003,6/12/2003,5
2003-W24,26.934,6/13/2003,6/19/2003,5
2003-W25,27.124,6/20/2003,6/26/2003,5
2003-W26,28.298,6/27/2003,7/3/2003,5
2003-W27,28.146,7/4/2003,7/10/2003,5
2003-W28,28.77,7/11/2003,7/17/2003,5
2003-W29,28.202,7/18/2003,7/24/2003,5
2003-W30,28.254,7/25/2003,7/31/2003,5
2003-W31,29.996,8/1/2003,8/7/2003,5
2003-W32,29.878,8/8/2003,8/14/2003,5
2003-W33,29.494,8/15/2003,8/21/2003,5
2003-W34,30.086,8/22/2003,8/28/2003,5
2003-W35,28.696,8/29/2003,9/4/2003,5
2003-W36,27.814,9/5/2003,9/11/2003,5
2003-W37,26.1,9/12/2003,9/18/2003,5
2003-W38,26.184,9/19/2003,9/25/2003,5
2003-W39,27.952,9/26/2003,10/2/2003,5
2003-W40,29.482,10/3/2003,10/9/2003,5
2003-W41,31.172,10/10/2003,10/16/2003,5
2003-W42,29.708,10/17/2003,10/23/2003,5
2003-W43,28.882,10/24/2003,10/30/2003,5
2003-W44,27.88,10/31/2003,11/6/2003,5
2003-W45,28.804,11/7/2003,11/13/2003,5
2003-W46,29.606,11/14/2003,11/20/2003,5
2003-W47,28.506,11/21/2003,11/27/2003,5
2003-W48,28.946,11/28/2003,12/4/2003,5
2003-W49,29.894,12/5/2003,12/11/2003,5
2003-W50,30.714,12/12/2003,12/18/2003,5
2003-W51,29.39,12/19/2003,12/25/2003,4
2003-W52,29.8567,12/26/2003,1/1/2004,3
2004-W01,31.03,1/2/2004,1/8/2004,5
2004-W02,31.828,1/9/2004,1/15/2004,5
2004-W03,31.712,1/16/2004,1/22/2004,5
2004-W04,30.904,1/23/2004,1/29/2004,5
2004-W05,29.71,1/30/2004,2/5/2004,5
2004-W06,29.784,2/6/2004,2/12/2004,5
2004-W07,31.334,2/13/2004,2/19/2004,5
2004-W08,31.924,2/20/2004,2/26/2004,5
2004-W09,33.44,2/27/2004,3/4/2004,5
2004-W10,33.688,3/5/2004,3/11/2004,5
2004-W11,34.25,3/12/2004,3/18/2004,5
2004-W12,33.952,3/19/2004,3/25/2004,5
2004-W13,32.494,3/26/2004,4/1/2004,5
2004-W14,32.178,4/2/2004,4/8/2004,5
2004-W15,33.99,4/9/2004,4/15/2004,5
2004-W16,33.718,4/16/2004,4/22/2004,5
2004-W17,34.35,4/23/2004,4/29/2004,5
2004-W18,35.98,4/30/2004,5/6/2004,5
2004-W19,37.26,5/7/2004,5/13/2004,5
2004-W20,38.718,5/14/2004,5/20/2004,5
2004-W21,38.072,5/21/2004,5/27/2004,5
2004-W22,37.46,5/28/2004,6/3/2004,5
2004-W23,35.49,6/4/2004,6/10/2004,5
2004-W24,35.05,6/11/2004,6/17/2004,5
2004-W25,34.944,6/18/2004,6/24/2004,5
2004-W26,33.78,6/25/2004,7/1/2004,5
2004-W27,36.062,7/2/2004,7/8/2004,5
2004-W28,37.582,7/9/2004,7/15/2004,5
2004-W29,38.832,7/16/2004,7/22/2004,5
2004-W30,40.288,7/23/2004,7/29/2004,5
2004-W31,41.776,7/30/2004,8/5/2004,5
2004-W32,42.858,8/6/2004,8/12/2004,5
2004-W33,44.298,8/13/2004,8/19/2004,5
2004-W34,43.176,8/20/2004,8/26/2004,5
2004-W35,40.93,8/27/2004,9/2/2004,5
2004-W36,40.604,9/3/2004,9/9/2004,5
2004-W37,41.142,9/10/2004,9/16/2004,5
2004-W38,44.686,9/17/2004,9/23/2004,5
2004-W39,46.964,9/24/2004,9/30/2004,5
2004-W40,47.576,10/1/2004,10/7/2004,5
2004-W41,50.634,10/8/2004,10/14/2004,5
2004-W42,50.246,10/15/2004,10/21/2004,5
2004-W43,50.974,10/22/2004,10/28/2004,5
2004-W44,46.542,10/29/2004,11/4/2004,5
2004-W45,43.442,11/5/2004,11/11/2004,5
2004-W46,40.44,11/12/2004,11/18/2004,5
2004-W47,42.664,11/19/2004,11/25/2004,5
2004-W48,42.166,11/26/2004,12/2/2004,5
2004-W49,37.868,12/3/2004,12/9/2004,5
2004-W50,38.812,12/10/2004,12/16/2004,5
2004-W51,41.844,12/17/2004,12/23/2004,5
2004-W52,39.634,12/24/2004,12/30/2004,5
2005-W01,44.19,1/7/2005,1/13/2005,5
2005-W02,44.952,1/14/2005,1/20/2005,5
2005-W03,46.042,1/21/2005,1/27/2005,5
2005-W04,44.336,1/28/2005,2/3/2005,5
2005-W05,43.056,2/4/2005,2/10/2005,5
2005-W06,44.934,2/11/2005,2/17/2005,5
2005-W07,47.39,2/18/2005,2/24/2005,5
2005-W08,50.918,2/25/2005,3/3/2005,5
2005-W09,52.882,3/4/2005,3/10/2005,5
2005-W10,54.288,3/11/2005,3/17/2005,5
2005-W11,54.204,3/18/2005,3/24/2005,5
2005-W12,51.755,3/25/2005,3/31/2005,4
2005-W13,54.248,4/1/2005,4/7/2005,5
2005-W14,50.89,4/8/2005,4/14/2005,5
2005-W15,50.43,4/15/2005,4/21/2005,5
2005-W16,52.222,4/22/2005,4/28/2005,5
2005-W17,50.23,4/29/2005,5/5/2005,5
2005-W18,49.266,5/6/2005,5/12/2005,5
2005-W19,46.97,5/13/2005,5/19/2005,5
2005-W20,48.086,5/20/2005,5/26/2005,5
2005-W21,49.962,5/27/2005,6/2/2005,5
2005-W22,51.882,6/3/2005,6/9/2005,5
2005-W23,53.184,6/10/2005,6/16/2005,5
2005-W24,56.894,6/17/2005,6/23/2005,5
2005-W25,56.848,6/24/2005,6/30/2005,5
2005-W26,57.466,7/1/2005,7/7/2005,5
2005-W27,57.834,7/8/2005,7/14/2005,5
2005-W28,56.392,7/15/2005,7/21/2005,5
2005-W29,57.938,7/22/2005,7/28/2005,5
2005-W30,60.224,7/29/2005,8/4/2005,5
2005-W31,63.15,8/5/2005,8/11/2005,5
2005-W32,64.84,8/12/2005,8/18/2005,5
2005-W33,65.274,8/19/2005,8/25/2005,5
2005-W34,66.148,8/26/2005,9/1/2005,5
2005-W35,63.906,9/2/2005,9/8/2005,5
2005-W36,61.644,9/9/2005,9/15/2005,5
2005-W37,63.29,9/16/2005,9/22/2005,5
2005-W38,62.258,9/23/2005,9/29/2005,5
2005-W39,59.808,9/30/2005,10/6/2005,5
2005-W40,58.358,10/7/2005,10/13/2005,5
2005-W41,58.456,10/14/2005,10/20/2005,5
2005-W42,57.992,10/21/2005,10/27/2005,5
2005-W43,58.542,10/28/2005,11/3/2005,5
2005-W44,58.024,11/4/2005,11/10/2005,5
2005-W45,54.066,11/11/2005,11/17/2005,5
2005-W46,53.51,11/18/2005,11/24/2005,5
2005-W47,53.24,11/25/2005,12/1/2005,5
2005-W48,55.614,12/2/2005,12/8/2005,5
2005-W49,58.566,12/9/2005,12/15/2005,5
2005-W50,56.726,12/16/2005,12/22/2005,5
2005-W51,56.8625,12/23/2005,12/29/2005,4
2005-W52,60.695,12/30/2005,1/5/2006,4
2006-W01,62.35,1/6/2006,1/12/2006,5
2006-W02,62.876,1/13/2006,1/19/2006,5
2006-W03,63.768,1/20/2006,1/26/2006,5
2006-W04,64.482,1/27/2006,2/2/2006,5
2006-W05,61.804,2/3/2006,2/9/2006,5
2006-W06,58.308,2/10/2006,2/16/2006,5
2006-W07,59.032,2/17/2006,2/23/2006,5
2006-W08,60.548,2/24/2006,3/2/2006,5
2006-W09,60.226,3/3/2006,3/9/2006,5
2006-W10,61.522,3/10/2006,3/16/2006,5
2006-W11,61.758,3/17/2006,3/23/2006,5
2006-W12,64.102,3/24/2006,3/30/2006,5
2006-W13,66.718,3/31/2006,4/6/2006,5
2006-W14,68.552,4/7/2006,4/13/2006,5
2006-W15,72.0767,4/14/2006,4/20/2006,3
2006-W16,73.202,4/21/2006,4/27/2006,5
2006-W17,73.108,4/28/2006,5/4/2006,5
2006-W18,70.422,5/5/2006,5/11/2006,5
2006-W19,68.712,5/12/2006,5/18/2006,5
2006-W20,67.876,5/19/2006,5/25/2006,5
2006-W21,69.04,5/26/2006,6/1/2006,5
2006-W22,67.746,6/2/2006,6/8/2006,5
2006-W23,66.996,6/9/2006,6/15/2006,5
2006-W24,67.35,6/16/2006,6/22/2006,5
2006-W25,71.16,6/23/2006,6/29/2006,5
2006-W26,73.262,6/30/2006,7/6/2006,5
2006-W27,73.588,7/7/2006,7/13/2006,5
2006-W28,74.15,7/14/2006,7/20/2006,5
2006-W29,73.332,7/21/2006,7/27/2006,5
2006-W30,75.8,7/28/2006,8/3/2006,5
2006-W31,77.246,8/4/2006,8/10/2006,5
2006-W32,73.126,8/11/2006,8/17/2006,5
2006-W33,71.66,8/18/2006,8/24/2006,5
2006-W34,68.768,8/25/2006,8/31/2006,5
2006-W35,66.996,9/1/2006,9/7/2006,5
2006-W36,62.194,9/8/2006,9/14/2006,5
2006-W37,60.516,9/15/2006,9/21/2006,5
2006-W38,58.702,9/22/2006,9/28/2006,5
2006-W39,57.584,9/29/2006,10/5/2006,5
2006-W40,57.914,10/6/2006,10/12/2006,5
2006-W41,58.714,10/13/2006,10/19/2006,5
2006-W42,57.722,10/20/2006,10/26/2006,5
2006-W43,56.766,10/27/2006,11/2/2006,5
2006-W44,57.492,11/3/2006,11/9/2006,5
2006-W45,58.286,11/10/2006,11/16/2006,5
2006-W46,58.456,11/17/2006,11/23/2006,5
2006-W47,61.79,11/24/2006,11/30/2006,5
2006-W48,63.846,12/1/2006,12/7/2006,5
2006-W49,62.716,12/8/2006,12/14/2006,5
2006-W50,62.634,12/15/2006,12/21/2006,5
2006-W51,60.6767,12/22/2006,12/28/2006,3
2006-W52,57.165,12/29/2006,1/4/2007,4
2007-W01,52.362,1/5/2007,1/11/2007,5
2007-W02,50.8125,1/12/2007,1/18/2007,4
2007-W03,54.268,1/19/2007,1/25/2007,5
2007-W04,55.59,1/26/2007,2/1/2007,5
2007-W05,57.846,2/2/2007,2/8/2007,5
2007-W06,55.63,2/9/2007,2/15/2007,5
2007-W07,57.2625,2/16/2007,2/22/2007,4
2007-W08,60.314,2/23/2007,3/1/2007,5
2007-W09,60.682,3/2/2007,3/8/2007,5
2007-W10,60.73,3/9/2007,3/15/2007,5
2007-W11,60.656,3/16/2007,3/22/2007,5
2007-W12,65.024,3/23/2007,3/29/2007,5
2007-W13,68.53,3/30/2007,4/5/2007,5
2007-W14,68.01,4/6/2007,4/12/2007,3
2007-W15,66.696,4/13/2007,4/19/2007,5
2007-W16,67.206,4/20/2007,4/26/2007,5
2007-W17,66.466,4/27/2007,5/3/2007,5
2007-W18,63.904,5/4/2007,5/10/2007,5
2007-W19,66.738,5/11/2007,5/17/2007,5
2007-W20,70.358,5/18/2007,5/24/2007,5
2007-W21,68.9625,5/25/2007,5/31/2007,4
2007-W22,70.954,6/1/2007,6/7/2007,5
2007-W23,69.574,6/8/2007,6/14/2007,5
2007-W24,71.698,6/15/2007,6/21/2007,5
2007-W25,71.722,6/22/2007,6/28/2007,5
2007-W26,73.695,6/29/2007,7/5/2007,4
2007-W27,77.448,7/6/2007,7/12/2007,5
2007-W28,78.05,7/13/2007,7/19/2007,5
2007-W29,77.164,7/20/2007,7/26/2007,5
2007-W30,76.582,7/27/2007,8/2/2007,5
2007-W31,71.856,8/3/2007,8/9/2007,5
2007-W32,70.046,8/10/2007,8/16/2007,5
2007-W33,68.502,8/17/2007,8/23/2007,5
2007-W34,69.988,8/24/2007,8/30/2007,5
2007-W35,74.36,8/31/2007,9/6/2007,4
2007-W36,76.254,9/7/2007,9/13/2007,5
2007-W37,78.042,9/14/2007,9/20/2007,5
2007-W38,77.738,9/21/2007,9/27/2007,5
2007-W39,78.362,9/28/2007,10/4/2007,5
2007-W40,78.498,10/5/2007,10/11/2007,5
2007-W41,83.604,10/12/2007,10/18/2007,5
2007-W42,83.63,10/19/2007,10/25/2007,5
2007-W43,88.936,10/26/2007,11/1/2007,5
2007-W44,93.502,11/2/2007,11/8/2007,5
2007-W45,90.804,11/9/2007,11/15/2007,5
2007-W46,93.17,11/16/2007,11/22/2007,4
2007-W47,93.484,11/23/2007,11/29/2007,5
2007-W48,89.138,11/30/2007,12/6/2007,5
2007-W49,89.564,12/7/2007,12/13/2007,5
2007-W50,90.986,12/14/2007,12/20/2007,5
2007-W51,92.76,12/21/2007,12/27/2007,3
2007-W52,96.265,12/28/2007,1/3/2008,4
2008-W01,95.398,1/4/2008,1/10/2008,5
2008-W02,90.474,1/11/2008,1/17/2008,5
2008-W03,88.13,1/18/2008,1/24/2008,4
2008-W04,91.68,1/25/2008,1/31/2008,5
2008-W05,89.876,2/1/2008,2/7/2008,5
2008-W06,93.88,2/8/2008,2/14/2008,5
2008-W07,97.3475,2/15/2008,2/21/2008,4
2008-W08,98.132,2/22/2008,2/28/2008,5
2008-W09,101.15,2/29/2008,3/6/2008,5
2008-W10,106.788,3/7/2008,3/13/2008,5
2008-W11,104.27,3/14/2008,3/20/2008,5
2008-W12,101.89,3/21/2008,3/27/2008,4
2008-W13,100.972,3/28/2008,4/3/2008,5
2008-W14,105.614,4/4/2008,4/10/2008,5
2008-W15,109.72,4/11/2008,4/17/2008,5
2008-W16,113.15,4/18/2008,4/24/2008,5
2008-W17,112.92,4/25/2008,5/1/2008,5
2008-W18,117.52,5/2/2008,5/8/2008,5
2008-W19,122.696,5/9/2008,5/15/2008,5
2008-W20,125.122,5/16/2008,5/22/2008,5
2008-W21,129.225,5/23/2008,5/29/2008,4
2008-W22,125.342,5/30/2008,6/5/2008,5
2008-W23,133.822,6/6/2008,6/12/2008,5
2008-W24,132.084,6/13/2008,6/19/2008,5
2008-W25,134.52,6/20/2008,6/26/2008,5
2008-W26,140.728,6/27/2008,7/3/2008,5
2008-W27,135.8725,7/4/2008,7/10/2008,4
2008-W28,137.92,7/11/2008,7/17/2008,5
2008-W29,127.63,7/18/2008,7/24/2008,5
2008-W30,124.54,7/25/2008,7/31/2008,5
2008-W31,118.788,8/1/2008,8/7/2008,5
2008-W32,111.01,8/8/2008,8/14/2008,5
2008-W33,110.622,8/15/2008,8/21/2008,5
2008-W34,112.504,8/22/2008,8/28/2008,5
2008-W35,106.43,8/29/2008,9/4/2008,4
2008-W36,98.908,9/5/2008,9/11/2008,5
2008-W37,89.53,9/12/2008,9/18/2008,5
2008-W38,99.43,9/19/2008,9/25/2008,5
2008-W39,94.286,9/26/2008,10/2/2008,5
2008-W40,83.85,10/3/2008,10/9/2008,5
2008-W41,70.986,10/10/2008,10/16/2008,5
2008-W42,65.5,10/17/2008,10/23/2008,5
2008-W43,60.728,10/24/2008,10/30/2008,5
2008-W44,60.066,10/31/2008,11/6/2008,5
2008-W45,54.494,11/7/2008,11/13/2008,5
2008-W46,48.952,11/14/2008,11/20/2008,5
2008-W47,47.83,11/21/2008,11/27/2008,4
2008-W48,45.832,11/28/2008,12/4/2008,5
2008-W49,39.942,12/5/2008,12/11/2008,5
2008-W50,42.286,12/12/2008,12/18/2008,5
2008-W51,36.83,12/19/2008,12/25/2008,4
2008-W52,34.7325,12/26/2008,1/1/2009,4
2009-W01,45.368,1/2/2009,1/8/2009,5
2009-W02,42.168,1/9/2009,1/15/2009,5
2009-W03,41.74,1/16/2009,1/22/2009,4
2009-W04,43.996,1/23/2009,1/29/2009,5
2009-W05,43.576,1/30/2009,2/5/2009,5
2009-W06,45.814,2/6/2009,2/12/2009,5
2009-W07,41.205,2/13/2009,2/19/2009,4
2009-W08,42.232,2/20/2009,2/26/2009,5
2009-W09,44.05,2/27/2009,3/5/2009,5
2009-W10,43.682,3/6/2009,3/12/2009,5
2009-W11,45.574,3/13/2009,3/19/2009,5
2009-W12,51.156,3/20/2009,3/26/2009,5
2009-W13,48.56,3/27/2009,4/2/2009,5
2009-W14,51.28,4/3/2009,4/9/2009,5
2009-W15,51.4825,4/10/2009,4/16/2009,4
2009-W16,49.312,4/17/2009,4/23/2009,5
2009-W17,49.624,4/24/2009,4/30/2009,5
2009-W18,53.974,5/1/2009,5/7/2009,5
2009-W19,56.324,5/8/2009,5/14/2009,5
2009-W20,57.416,5/15/2009,5/21/2009,5
2009-W21,60.625,5/22/2009,5/28/2009,4
2009-W22,66.616,5/29/2009,6/4/2009,5
2009-W23,69.31,6/5/2009,6/11/2009,5
2009-W24,69.708,6/12/2009,6/18/2009,5
2009-W25,68.052,6/19/2009,6/25/2009,5
2009-W26,68.044,6/26/2009,7/2/2009,5
2009-W27,60.885,7/3/2009,7/9/2009,4
2009-W28,60.086,7/10/2009,7/16/2009,5
2009-W29,65.506,7/17/2009,7/23/2009,5
2009-W30,68.348,7/24/2009,7/30/2009,5
2009-W31,73.16,7/31/2009,8/6/2009,5
2009-W32,73.474,8/7/2009,8/13/2009,5
2009-W33,71.04,8/14/2009,8/20/2009,5
2009-W34,72.514,8/21/2009,8/27/2009,5
2009-W35,68.996,8/28/2009,9/3/2009,5
2009-W36,68.44,9/4/2009,9/10/2009,4
2009-W37,68.454,9/11/2009,9/17/2009,5
2009-W38,68.18,9/18/2009,9/24/2009,5
2009-W39,65.52,9/25/2009,10/1/2009,5
2009-W40,67.278,10/2/2009,10/8/2009,5
2009-W41,71.262,10/9/2009,10/15/2009,5
2009-W42,76.61,10/16/2009,10/22/2009,5
2009-W43,76.63,10/23/2009,10/29/2009,5
2009-W44,76.476,10/30/2009,11/5/2009,5
2009-W45,76.386,11/6/2009,11/12/2009,5
2009-W46,76.88,11/13/2009,11/19/2009,5
2009-W47,76.4175,11/20/2009,11/26/2009,4
2009-W48,77.434,11/27/2009,12/3/2009,5
2009-W49,74.678,12/4/2009,12/10/2009,5
2009-W50,71.442,12/11/2009,12/17/2009,5
2009-W51,73.054,12/18/2009,12/24/2009,5
2009-W52,77.1925,12/25/2009,12/31/2009,4
2010-W01,78.952,1/8/2010,1/14/2010,5
2010-W02,75.3125,1/15/2010,1/21/2010,4
2010-W03,72.188,1/22/2010,1/28/2010,5
2010-W04,72.758,1/29/2010,2/4/2010,5
2010-W05,70.576,2/5/2010,2/11/2010,5
2010-W06,74.4525,2/12/2010,2/18/2010,4
2010-W07,76.33,2/19/2010,2/25/2010,5
2010-W08,77.294,2/26/2010,3/4/2010,5
2010-W09,79.328,3/5/2010,3/11/2010,5
2010-W10,79.256,3/12/2010,3/18/2010,5
2010-W11,78.46,3/19/2010,3/25/2010,5
2010-W12,80.066,3/26/2010,4/1/2010,5
2010-W13,84.1625,4/2/2010,4/8/2010,4
2010-W14,84.826,4/9/2010,4/15/2010,5
2010-W15,84.352,4/16/2010,4/22/2010,5
2010-W16,85.962,4/23/2010,4/29/2010,5
2010-W17,84.438,4/30/2010,5/6/2010,5
2010-W18,78.334,5/7/2010,5/13/2010,5
2010-W19,73.368,5/14/2010,5/20/2010,5
2010-W20,70.28,5/21/2010,5/27/2010,5
2010-W21,72.995,5/28/2010,6/3/2010,4
2010-W22,72.474,6/4/2010,6/10/2010,5
2010-W23,75.464,6/11/2010,6/17/2010,5
2010-W24,76.81,6/18/2010,6/24/2010,5
2010-W25,74.75,6/25/2010,7/1/2010,5
2010-W26,73.09,7/2/2010,7/8/2010,4
2010-W27,75.63,7/9/2010,7/15/2010,5
2010-W28,76.298,7/16/2010,7/22/2010,5
2010-W29,77.19,7/23/2010,7/29/2010,5
2010-W30,81.938,7/30/2010,8/5/2010,5
2010-W31,79.434,8/6/2010,8/12/2010,5
2010-W32,75.276,8/13/2010,8/19/2010,5
2010-W33,72.482,8/20/2010,8/26/2010,5
2010-W34,75.436,8/27/2010,9/2/2010,5
2010-W35,76.54,9/3/2010,9/9/2010,4
2010-W36,78.46,9/10/2010,9/16/2010,5
2010-W37,78.118,9/17/2010,9/23/2010,5
2010-W38,79.028,9/24/2010,9/30/2010,5
2010-W39,83.628,10/1/2010,10/7/2010,5
2010-W40,83.502,10/8/2010,10/14/2010,5
2010-W41,81.664,10/15/2010,10/21/2010,5
2010-W42,81.904,10/22/2010,10/28/2010,5
2010-W43,84.68,10/29/2010,11/4/2010,5
2010-W44,87.626,11/5/2010,11/11/2010,5
2010-W45,84.52,11/12/2010,11/18/2010,5
2010-W46,83.1025,11/19/2010,11/25/2010,4
2010-W47,86.926,11/26/2010,12/2/2010,5
2010-W48,90.47,12/3/2010,12/9/2010,5
2010-W49,90.598,12/10/2010,12/16/2010,5
2010-W50,92.542,12/17/2010,12/23/2010,5
2010-W51,93.155,12/24/2010,12/30/2010,4
2010-W52,94.518,12/31/2010,1/6/2011,5
2011-W01,96.364,1/7/2011,1/13/2011,5
2011-W02,97.595,1/14/2011,1/20/2011,4
2011-W03,96.576,1/21/2011,1/27/2011,5
2011-W04,99.884,1/28/2011,2/3/2011,5
2011-W05,99.804,2/4/2011,2/10/2011,5
2011-W06,102.352,2/11/2011,2/17/2011,5
2011-W07,108.175,2/18/2011,2/24/2011,4
2011-W08,113.678,2/25/2011,3/3/2011,5
2011-W09,114.774,3/4/2011,3/10/2011,5
2011-W10,112.654,3/11/2011,3/17/2011,5
2011-W11,115.148,3/18/2011,3/24/2011,5
2011-W12,115.854,3/25/2011,3/31/2011,5
2011-W13,121.496,4/1/2011,4/7/2011,5
2011-W14,123.906,4/8/2011,4/14/2011,5
2011-W15,123.114,4/15/2011,4/21/2011,5
2011-W16,125.36,4/22/2011,4/28/2011,3
2011-W17,121.0325,4/29/2011,5/5/2011,4
2011-W18,114.65,5/6/2011,5/12/2011,5
2011-W19,112.386,5/13/2011,5/19/2011,5
2011-W20,112.686,5/20/2011,5/26/2011,5
2011-W21,115.62,5/27/2011,6/2/2011,4
2011-W22,117.002,6/3/2011,6/9/2011,5
2011-W23,117.782,6/10/2011,6/16/2011,5
2011-W24,111.966,6/17/2011,6/23/2011,5
2011-W25,108.026,6/24/2011,6/30/2011,5
2011-W26,113.495,7/1/2011,7/7/2011,4
2011-W27,117.59,7/8/2011,7/14/2011,5
2011-W28,118.012,7/15/2011,7/21/2011,5
2011-W29,118.31,7/22/2011,7/28/2011,5
2011-W30,114.456,7/29/2011,8/4/2011,5
2011-W31,105.054,8/5/2011,8/11/2011,5
2011-W32,109.296,8/12/2011,8/18/2011,5
2011-W33,110.474,8/19/2011,8/25/2011,5
2011-W34,115.1975,8/26/2011,9/1/2011,4
2011-W35,116.175,9/2/2011,9/8/2011,4
2011-W36,114.748,9/9/2011,9/15/2011,5
2011-W37,113.402,9/16/2011,9/22/2011,5
2011-W38,108.442,9/23/2011,9/29/2011,5
2011-W39,103.804,9/30/2011,10/6/2011,5
2011-W40,110.032,10/7/2011,10/13/2011,5
2011-W41,112.018,10/14/2011,10/20/2011,5
2011-W42,111.652,10/21/2011,10/27/2011,5
2011-W43,109.398,10/28/2011,11/3/2011,5
2011-W44,114.238,11/4/2011,11/10/2011,5
2011-W45,112.012,11/11/2011,11/17/2011,5
2011-W46,107.1,11/18/2011,11/24/2011,4
2011-W47,109.352,11/25/2011,12/1/2011,5
2011-W48,109.646,12/2/2011,12/8/2011,5
2011-W49,107.044,12/9/2011,12/15/2011,5
2011-W50,106.666,12/16/2011,12/22/2011,5
2011-W51,107.9033,12/23/2011,12/29/2011,3
2011-W52,111.5425,12/30/2011,1/5/2012,4
2012-W01,112.192,1/6/2012,1/12/2012,5
2012-W02,109.945,1/13/2012,1/19/2012,4
2012-W03,108.78,1/20/2012,1/26/2012,5
2012-W04,110.784,1/27/2012,2/2/2012,5
2012-W05,116.094,2/3/2012,2/9/2012,5
2012-W06,119.282,2/10/2012,2/16/2012,5
2012-W07,122.285,2/17/2012,2/23/2012,4
2012-W08,124.672,2/24/2012,3/1/2012,5
2012-W09,126.194,3/2/2012,3/8/2012,5
2012-W10,126.82,3/9/2012,3/15/2012,5
2012-W11,124.322,3/16/2012,3/22/2012,5
2012-W12,124.79,3/23/2012,3/29/2012,5
2012-W13,123.6175,3/30/2012,4/5/2012,4
2012-W14,120.9567,4/6/2012,4/12/2012,3
2012-W15,117.688,4/13/2012,4/19/2012,5
2012-W16,117.852,4/20/2012,4/26/2012,5
2012-W17,118.202,4/27/2012,5/3/2012,5
2012-W18,111.5675,5/4/2012,5/10/2012,4
2012-W19,110.76,5/11/2012,5/17/2012,5
2012-W20,108.178,5/18/2012,5/24/2012,5
2012-W21,105.78,5/25/2012,5/31/2012,4
2012-W22,99.242,6/1/2012,6/7/2012,5
2012-W23,97.302,6/8/2012,6/14/2012,5
2012-W24,94.04,6/15/2012,6/21/2012,5
2012-W25,90.236,6/22/2012,6/28/2012,5
2012-W26,97.72,6/29/2012,7/5/2012,4
2012-W27,99.2,7/6/2012,7/12/2012,5
2012-W28,104.386,7/13/2012,7/19/2012,5
2012-W29,104.316,7/20/2012,7/26/2012,5
2012-W30,106.62,7/27/2012,8/2/2012,5
2012-W31,111.782,8/3/2012,8/9/2012,5
2012-W32,114.628,8/10/2012,8/16/2012,5
2012-W33,115.99,8/17/2012,8/23/2012,5
2012-W34,113.386,8/24/2012,8/30/2012,5
2012-W35,114.1825,8/31/2012,9/6/2012,4
2012-W36,114.64,9/7/2012,9/13/2012,5
2012-W37,113.074,9/14/2012,9/20/2012,5
2012-W38,110.336,9/21/2012,9/27/2012,5
2012-W39,111.246,9/28/2012,10/4/2012,5
2012-W40,114.276,10/5/2012,10/11/2012,5
2012-W41,114.248,10/12/2012,10/18/2012,5
2012-W42,108.868,10/19/2012,10/25/2012,5
2012-W43,109.272,10/26/2012,11/1/2012,5
2012-W44,107.418,11/2/2012,11/8/2012,5
2012-W45,109.478,11/9/2012,11/15/2012,5
2012-W46,109.4225,11/16/2012,11/22/2012,4
2012-W47,109.676,11/23/2012,11/29/2012,5
2012-W48,109.814,11/30/2012,12/6/2012,5
2012-W49,108.672,12/7/2012,12/13/2012,5
2012-W50,109.822,12/14/2012,12/20/2012,5
2012-W51,109.5825,12/21/2012,12/27/2012,4
2012-W52,111.715,12/28/2012,1/3/2013,4
2013-W01,112.828,1/4/2013,1/10/2013,5
2013-W02,111.064,1/11/2013,1/17/2013,5
2013-W03,113.175,1/18/2013,1/24/2013,4
2013-W04,114.798,1/25/2013,1/31/2013,5
2013-W05,116.484,2/1/2013,2/7/2013,5
2013-W06,118.398,2/8/2013,2/14/2013,5
2013-W07,116.215,2/15/2013,2/21/2013,4
2013-W08,113.138,2/22/2013,2/28/2013,5
2013-W09,110.23,3/1/2013,3/7/2013,5
2013-W10,108.328,3/8/2013,3/14/2013,5
2013-W11,107.89,3/15/2013,3/21/2013,5
2013-W12,107.448,3/22/2013,3/28/2013,5
2013-W13,107.8325,3/29/2013,4/4/2013,4
2013-W14,103.928,4/5/2013,4/11/2013,5
2013-W15,98.42,4/12/2013,4/18/2013,5
2013-W16,99.918,4/19/2013,4/25/2013,5
2013-W17,101.092,4/26/2013,5/2/2013,5
2013-W18,104.432,5/3/2013,5/9/2013,5
2013-W19,102.404,5/10/2013,5/16/2013,5
2013-W20,102.816,5/17/2013,5/23/2013,5
2013-W21,102.235,5/24/2013,5/30/2013,4
2013-W22,102.196,5/31/2013,6/6/2013,5
2013-W23,103.186,6/7/2013,6/13/2013,5
2013-W24,104.878,6/14/2013,6/20/2013,5
2013-W25,101.006,6/21/2013,6/27/2013,5
2013-W26,103.94,6/28/2013,7/4/2013,4
2013-W27,107.944,7/5/2013,7/11/2013,5
2013-W28,109.35,7/12/2013,7/18/2013,5
2013-W29,108.752,7/19/2013,7/25/2013,5
2013-W30,108.194,7/26/2013,8/1/2013,5
2013-W31,108.784,8/2/2013,8/8/2013,5
2013-W32,110.06,8/9/2013,8/15/2013,5
2013-W33,111.06,8/16/2013,8/22/2013,5
2013-W34,114.548,8/23/2013,8/29/2013,5
2013-W35,115.73,8/30/2013,9/5/2013,4
2013-W36,113.986,9/6/2013,9/12/2013,5
2013-W37,110.594,9/13/2013,9/19/2013,5
2013-W38,108.956,9/20/2013,9/26/2013,5
2013-W39,108.64,9/27/2013,10/3/2013,5
2013-W40,110.058,10/4/2013,10/10/2013,5
2013-W41,110.358,10/11/2013,10/17/2013,5
2013-W42,108.562,10/18/2013,10/24/2013,5
2013-W43,107.594,10/25/2013,10/31/2013,5
2013-W44,104.836,11/1/2013,11/7/2013,5
2013-W45,106.306,11/8/2013,11/14/2013,5
2013-W46,108.702,11/15/2013,11/21/2013,5
2013-W47,111.3875,11/22/2013,11/28/2013,4
2013-W48,112.192,11/29/2013,12/5/2013,5
2013-W49,109.788,12/6/2013,12/12/2013,5
2013-W50,109.526,12/13/2013,12/19/2013,5
2013-W51,111.7375,12/20/2013,12/26/2013,4
2013-W52,110.105,12/27/2013,1/2/2014,4
2014-W01,107.04,1/3/2014,1/9/2014,5
2014-W02,107.426,1/10/2014,1/16/2014,5
2014-W03,109.002,1/17/2014,1/23/2014,5
2014-W04,109.03,1/24/2014,1/30/2014,5
2014-W05,107.342,1/31/2014,2/6/2014,5
2014-W06,109.422,2/7/2014,2/13/2014,5
2014-W07,109.64,2/14/2014,2/20/2014,4
2014-W08,109.182,2/21/2014,2/27/2014,5
2014-W09,109.11,2/28/2014,3/6/2014,5
2014-W10,108.224,3/7/2014,3/13/2014,5
2014-W11,106.708,3/14/2014,3/20/2014,5
2014-W12,106.656,3/21/2014,3/27/2014,5
2014-W13,105.308,3/28/2014,4/3/2014,5
2014-W14,106.324,4/4/2014,4/10/2014,5
2014-W15,108.724,4/11/2014,4/17/2014,5
2014-W16,109.125,4/18/2014,4/24/2014,4
2014-W17,109.16,4/25/2014,5/1/2014,5
2014-W18,108.724,5/2/2014,5/8/2014,5
2014-W19,109.004,5/9/2014,5/15/2014,5
2014-W20,110.86,5/16/2014,5/22/2014,5
2014-W21,109.816,5/23/2014,5/29/2014,5
2014-W22,108.984,5/30/2014,6/5/2014,5
2014-W23,110.19,6/6/2014,6/12/2014,5
2014-W24,114.006,6/13/2014,6/19/2014,5
2014-W25,113.472,6/20/2014,6/26/2014,5
2014-W26,110.73,6/27/2014,7/3/2014,5
2014-W27,107.3475,7/4/2014,7/10/2014,4
2014-W28,105.336,7/11/2014,7/17/2014,5
2014-W29,106.17,7/18/2014,7/24/2014,5
2014-W30,106.396,7/25/2014,7/31/2014,5
2014-W31,103.618,8/1/2014,8/7/2014,5
2014-W32,102.386,8/8/2014,8/14/2014,5
2014-W33,100.088,8/15/2014,8/21/2014,5
2014-W34,100.438,8/22/2014,8/28/2014,5
2014-W35,100.855,8/29/2014,9/4/2014,4
2014-W36,97.96,9/5/2014,9/11/2014,5
2014-W37,96.93,9/12/2014,9/18/2014,5
2014-W38,95.344,9/19/2014,9/25/2014,5
2014-W39,94.262,9/26/2014,10/2/2014,5
2014-W40,90.614,10/3/2014,10/9/2014,5
2014-W41,86.176,10/10/2014,10/16/2014,5
2014-W42,85.436,10/17/2014,10/23/2014,5
2014-W43,85.924,10/24/2014,10/30/2014,5
2014-W44,83.23,10/31/2014,11/6/2014,5
2014-W45,81.04,11/7/2014,11/13/2014,5
2014-W46,77.284,11/14/2014,11/20/2014,5
2014-W47,78.4575,11/21/2014,11/27/2014,4
2014-W48,70.5,11/28/2014,12/4/2014,5
2014-W49,65.344,12/5/2014,12/11/2014,5
2014-W50,60.334,12/12/2014,12/18/2014,5
2014-W51,58.73,12/19/2014,12/25/2014,4
2014-W52,56.8625,12/26/2014,1/1/2015,4
2015-W01,51.014,1/2/2015,1/8/2015,5
2015-W02,46.63,1/9/2015,1/15/2015,5
2015-W03,46.615,1/16/2015,1/22/2015,4
2015-W04,46.598,1/23/2015,1/29/2015,5
2015-W05,52.944,1/30/2015,2/5/2015,5
2015-W06,55.676,2/6/2015,2/12/2015,5
2015-W07,60.436,2/13/2015,2/19/2015,5
2015-W08,60.452,2/20/2015,2/26/2015,5
2015-W09,60.666,2/27/2015,3/5/2015,5
2015-W10,57.378,3/6/2015,3/12/2015,5
2015-W11,52.904,3/13/2015,3/19/2015,5
2015-W12,54.502,3/20/2015,3/26/2015,5
2015-W13,55.116,3/27/2015,4/2/2015,5
2015-W14,56.435,4/3/2015,4/9/2015,4
2015-W15,58.22,4/10/2015,4/16/2015,5
2015-W16,61.082,4/17/2015,4/23/2015,5
2015-W17,63.26,4/24/2015,4/30/2015,5
2015-W18,65.068,5/1/2015,5/7/2015,5
2015-W19,64.728,5/8/2015,5/14/2015,5
2015-W20,64.308,5/15/2015,5/21/2015,5
2015-W21,61.955,5/22/2015,5/28/2015,4
2015-W22,62.458,5/29/2015,6/4/2015,5
2015-W23,62.672,6/5/2015,6/11/2015,5
2015-W24,61.41,6/12/2015,6/18/2015,5
2015-W25,60.698,6/19/2015,6/25/2015,5
2015-W26,60.572,6/26/2015,7/2/2015,5
2015-W27,56.9,7/3/2015,7/9/2015,5
2015-W28,57.44,7/10/2015,7/16/2015,5
2015-W29,56.172,7/17/2015,7/23/2015,5
2015-W30,54.336,7/24/2015,7/30/2015,5
2015-W31,49.74,7/31/2015,8/6/2015,5
2015-W32,47.894,8/7/2015,8/13/2015,5
2015-W33,46.788,8/14/2015,8/20/2015,5
2015-W34,42.702,8/21/2015,8/27/2015,5
2015-W35,48.7125,8/28/2015,9/3/2015,4
2015-W36,47.94,9/4/2015,9/10/2015,5
2015-W37,47.254,9/11/2015,9/17/2015,5
2015-W38,47.334,9/18/2015,9/24/2015,5
2015-W39,47.134,9/25/2015,10/1/2015,5
2015-W40,50.226,10/2/2015,10/8/2015,5
2015-W41,49.618,10/9/2015,10/15/2015,5
2015-W42,47.342,10/16/2015,10/22/2015,5
2015-W43,46.81,10/23/2015,10/29/2015,5
2015-W44,47.612,10/30/2015,11/5/2015,5
2015-W45,45.574,11/6/2015,11/12/2015,5
2015-W46,41.442,11/13/2015,11/19/2015,5
2015-W47,43.536,11/20/2015,11/26/2015,5
2015-W48,42.738,11/27/2015,12/3/2015,5
2015-W49,39.652,12/4/2015,12/10/2015,5
2015-W50,36.882,12/11/2015,12/17/2015,5
2015-W51,36.074,12/18/2015,12/24/2015,5
2015-W52,36.5475,12/25/2015,12/31/2015,4
2016-W01,29.674,1/8/2016,1/14/2016,5
2016-W02,27.424,1/15/2016,1/21/2016,5
2016-W03,31.212,1/22/2016,1/28/2016,5
2016-W04,32.342,1/29/2016,2/4/2016,5
2016-W05,30.52,2/5/2016,2/11/2016,5
2016-W06,32.325,2/12/2016,2/18/2016,4
2016-W07,32.296,2/19/2016,2/25/2016,5
2016-W08,35.908,2/26/2016,3/3/2016,5
2016-W09,38.936,3/4/2016,3/10/2016,5
2016-W10,38.526,3/11/2016,3/17/2016,5
2016-W11,39.376,3/18/2016,3/24/2016,5
2016-W12,37.145,3/25/2016,3/31/2016,4
2016-W13,36.654,4/1/2016,4/7/2016,5
2016-W14,42.228,4/8/2016,4/14/2016,5
2016-W15,42.51,4/15/2016,4/21/2016,5
2016-W16,44.13,4/22/2016,4/28/2016,5
2016-W17,44.404,4/29/2016,5/5/2016,5
2016-W18,44.71,5/6/2016,5/12/2016,5
2016-W19,48.038,5/13/2016,5/19/2016,5
2016-W20,48.624,5/20/2016,5/26/2016,5
2016-W21,49.0525,5/27/2016,6/2/2016,4
2016-W22,49.704,6/3/2016,6/9/2016,5
2016-W23,48.014,6/10/2016,6/16/2016,5
2016-W24,48.098,6/17/2016,6/23/2016,5
2016-W25,46.9,6/24/2016,6/30/2016,5
2016-W26,46.588,7/1/2016,7/7/2016,5
2016-W27,45.194,7/8/2016,7/14/2016,5
2016-W28,45.622,7/15/2016,7/21/2016,5
2016-W29,43.242,7/22/2016,7/28/2016,5
2016-W30,40.542,7/29/2016,8/4/2016,5
2016-W31,43.1,8/5/2016,8/11/2016,5
2016-W32,47.748,8/12/2016,8/18/2016,5
2016-W33,48.6,8/19/2016,8/25/2016,5
2016-W34,48.05,8/26/2016,9/1/2016,5
2016-W35,47.024,9/2/2016,9/8/2016,5
2016-W36,46.83,9/9/2016,9/15/2016,5
2016-W37,45.948,9/16/2016,9/22/2016,5
2016-W38,46.438,9/23/2016,9/29/2016,5
2016-W39,49.074,9/30/2016,10/6/2016,5
2016-W40,50.266,10/7/2016,10/13/2016,5
2016-W41,50.052,10/14/2016,10/20/2016,5
2016-W42,49.454,10/21/2016,10/27/2016,5
2016-W43,45.57,10/28/2016,11/3/2016,5
2016-W44,43.382,11/4/2016,11/10/2016,5
2016-W45,43.446,11/11/2016,11/17/2016,5
2016-W46,46.11,11/18/2016,11/24/2016,5
2016-W47,47.574,11/25/2016,12/1/2016,5
2016-W48,52.292,12/2/2016,12/8/2016,5
2016-W49,52.866,12/9/2016,12/15/2016,5
2016-W50,53.858,12/16/2016,12/22/2016,5
2016-W51,54.6167,12/23/2016,12/29/2016,3
2016-W52,54.8925,12/30/2016,1/5/2017,4
2017-W01,54.322,1/6/2017,1/12/2017,5
2017-W02,54.06,1/13/2017,1/19/2017,5
2017-W03,54.954,1/20/2017,1/26/2017,5
2017-W04,55.31,1/27/2017,2/2/2017,5
2017-W05,54.626,2/3/2017,2/9/2017,5
2017-W06,54.608,2/10/2017,2/16/2017,5
2017-W07,55.358,2/17/2017,2/23/2017,5
2017-W08,54.516,2/24/2017,3/2/2017,5
2017-W09,53.482,3/3/2017,3/9/2017,5
2017-W10,50.304,3/10/2017,3/16/2017,5
2017-W11,50.224,3/17/2017,3/23/2017,5
2017-W12,50.884,3/24/2017,3/30/2017,5
2017-W13,52.87,3/31/2017,4/6/2017,5
2017-W14,54.712,4/7/2017,4/13/2017,5
2017-W15,52.62,4/14/2017,4/20/2017,4
2017-W16,49.64,4/21/2017,4/27/2017,5
2017-W17,49.106,4/28/2017,5/4/2017,5
2017-W18,47.678,5/5/2017,5/11/2017,5
2017-W19,51.01,5/12/2017,5/18/2017,5
2017-W20,52.972,5/19/2017,5/25/2017,5
2017-W21,50.71,5/26/2017,6/1/2017,5
2017-W22,47.64,6/2/2017,6/8/2017,5
2017-W23,46.37,6/9/2017,6/15/2017,5
2017-W24,44.938,6/16/2017,6/22/2017,5
2017-W25,45.574,6/23/2017,6/29/2017,5
2017-W26,48.294,6/30/2017,7/6/2017,5
2017-W27,46.82,7/7/2017,7/13/2017,5
2017-W28,48.07,7/14/2017,7/20/2017,5
2017-W29,49.044,7/21/2017,7/27/2017,5
2017-W30,51.946,7/28/2017,8/3/2017,5
2017-W31,52.166,8/4/2017,8/10/2017,5
2017-W32,50.684,8/11/2017,8/17/2017,5
2017-W33,51.846,8/18/2017,8/24/2017,5
2017-W34,51.996,8/25/2017,8/31/2017,5
2017-W35,53.604,9/1/2017,9/7/2017,5
2017-W36,55.218,9/8/2017,9/14/2017,5
2017-W37,56.638,9/15/2017,9/21/2017,5
2017-W38,58.978,9/22/2017,9/28/2017,5
2017-W39,56.38,9/29/2017,10/5/2017,5
2017-W40,55.934,10/6/2017,10/12/2017,5
2017-W41,57.57,10/13/2017,10/19/2017,5
2017-W42,58.124,10/20/2017,10/26/2017,5
2017-W43,60.784,10/27/2017,11/2/2017,5
2017-W44,63.7,11/3/2017,11/9/2017,5
2017-W45,62.126,11/10/2017,11/16/2017,5
2017-W46,62.23,11/17/2017,11/23/2017,5
2017-W47,63.532,11/24/2017,11/30/2017,5
2017-W48,63.218,12/1/2017,12/7/2017,5
2017-W49,64.364,12/8/2017,12/14/2017,5
2017-W50,64.204,12/15/2017,12/21/2017,5
2017-W51,65.8133,12/22/2017,12/28/2017,3
2017-W52,67.49,12/29/2017,1/4/2018,4
2018-W01,69.144,1/5/2018,1/11/2018,5
2018-W02,69.604,1/12/2018,1/18/2018,5
2018-W03,69.736,1/19/2018,1/25/2018,5
2018-W04,68.53,1/26/2018,2/1/2018,5
2018-W05,66.378,2/2/2018,2/8/2018,5
2018-W06,62.466,2/9/2018,2/15/2018,5
2018-W07,64.972,2/16/2018,2/22/2018,5
2018-W08,66.58,2/23/2018,3/1/2018,5
2018-W09,64.934,3/2/2018,3/8/2018,5
2018-W10,64.24,3/9/2018,3/15/2018,5
2018-W11,66.526,3/16/2018,3/22/2018,5
2018-W12,68.724,3/23/2018,3/29/2018,5
2018-W13,67.2,3/30/2018,4/5/2018,3
2018-W14,69.91,4/6/2018,4/12/2018,5
2018-W15,73.104,4/13/2018,4/19/2018,5
2018-W16,74.84,4/20/2018,4/26/2018,5
2018-W17,74.538,4/27/2018,5/3/2018,5
2018-W18,76.025,5/4/2018,5/10/2018,4
2018-W19,78.552,5/11/2018,5/17/2018,5
2018-W20,78.946,5/18/2018,5/24/2018,5
2018-W21,75.8625,5/25/2018,5/31/2018,4
2018-W22,73.864,6/1/2018,6/7/2018,5
2018-W23,74.878,6/8/2018,6/14/2018,5
2018-W24,73.786,6/15/2018,6/21/2018,5
2018-W25,74.484,6/22/2018,6/28/2018,5
2018-W26,76.82,6/29/2018,7/5/2018,5
2018-W27,75.464,7/6/2018,7/12/2018,5
2018-W28,71.694,7/13/2018,7/19/2018,5
2018-W29,73.43,7/20/2018,7/26/2018,5
2018-W30,73.844,7/27/2018,8/2/2018,5
2018-W31,71.712,8/3/2018,8/9/2018,5
2018-W32,69.996,8/10/2018,8/16/2018,5
2018-W33,71.918,8/17/2018,8/23/2018,5
2018-W34,75.57,8/24/2018,8/30/2018,5
2018-W35,76.922,8/31/2018,9/6/2018,5
2018-W36,77.644,9/7/2018,9/13/2018,5
2018-W37,78.76,9/14/2018,9/20/2018,5
2018-W38,81.082,9/21/2018,9/27/2018,5
2018-W39,84.962,9/28/2018,10/4/2018,5
2018-W40,83.934,10/5/2018,10/11/2018,5
2018-W41,80.472,10/12/2018,10/18/2018,5
2018-W42,78.828,10/19/2018,10/25/2018,5
2018-W43,75.346,10/26/2018,11/1/2018,5
2018-W44,70.764,11/2/2018,11/8/2018,5
2018-W45,66.952,11/9/2018,11/15/2018,5
2018-W46,62.738,11/16/2018,11/22/2018,5
2018-W47,58.646,11/23/2018,11/29/2018,5
2018-W48,59.666,11/30/2018,12/6/2018,5
2018-W49,60.14,12/7/2018,12/13/2018,5
2018-W50,55.97,12/14/2018,12/20/2018,5
2018-W51,51.71,12/21/2018,12/27/2018,2
2018-W52,52.62,12/28/2018,1/3/2019,3
2019-W01,57.916,1/4/2019,1/10/2019,5
2019-W02,59.27,1/11/2019,1/17/2019,5
2019-W03,61.452,1/18/2019,1/24/2019,5
2019-W04,61.306,1/25/2019,1/31/2019,5
2019-W05,61.804,2/1/2019,2/7/2019,5
2019-W06,62.504,2/8/2019,2/14/2019,5
2019-W07,66.33,2/15/2019,2/21/2019,5
2019-W08,65.204,2/22/2019,2/28/2019,5
2019-W09,64.344,3/1/2019,3/7/2019,5
2019-W10,65.624,3/8/2019,3/14/2019,5
2019-W11,67.308,3/15/2019,3/21/2019,5
2019-W12,66.92,3/22/2019,3/28/2019,5
2019-W13,69.14,3/29/2019,4/4/2019,5
2019-W14,71,4/5/2019,4/11/2019,5
2019-W15,71.012,4/12/2019,4/18/2019,5
2019-W16,73.4075,4/19/2019,4/25/2019,4
2019-W17,71.402,4/26/2019,5/2/2019,5
2019-W18,71.316,5/3/2019,5/9/2019,5
2019-W19,72.86,5/10/2019,5/16/2019,5
2019-W20,72.08,5/17/2019,5/23/2019,5
2019-W21,69.59,5/24/2019,5/30/2019,4
2019-W22,63.682,5/31/2019,6/6/2019,5
2019-W23,63.382,6/7/2019,6/13/2019,5
2019-W24,63.466,6/14/2019,6/20/2019,5
2019-W25,66.204,6/21/2019,6/27/2019,5
2019-W26,64.498,6/28/2019,7/4/2019,5
2019-W27,65.494,7/5/2019,7/11/2019,5
2019-W28,64.75,7/12/2019,7/18/2019,5
2019-W29,62.516,7/19/2019,7/25/2019,5
2019-W30,62.854,7/26/2019,8/1/2019,5
2019-W31,58.078,8/2/2019,8/8/2019,5
2019-W32,57.926,8/9/2019,8/15/2019,5
2019-W33,59.646,8/16/2019,8/22/2019,5
2019-W34,59.346,8/23/2019,8/29/2019,5
2019-W35,60.18,8/30/2019,9/5/2019,5
2019-W36,62.744,9/6/2019,9/12/2019,5
2019-W37,64.76,9/13/2019,9/19/2019,5
2019-W38,63.702,9/20/2019,9/26/2019,5
2019-W39,59.892,9/27/2019,10/3/2019,5
2019-W40,59.102,10/4/2019,10/10/2019,5
2019-W41,59.448,10/11/2019,10/17/2019,5
2019-W42,60.328,10/18/2019,10/24/2019,5
2019-W43,60.604,10/25/2019,10/31/2019,5
2019-W44,62.024,11/1/2019,11/7/2019,5
2019-W45,62.3,11/8/2019,11/14/2019,5
2019-W46,63.46,11/15/2019,11/21/2019,5
2019-W47,64.806,11/22/2019,11/28/2019,5
2019-W48,64.314,11/29/2019,12/5/2019,5
2019-W49,66.31,12/6/2019,12/12/2019,5
2019-W50,68.658,12/13/2019,12/19/2019,5
2019-W51,68.6675,12/20/2019,12/26/2019,4
2019-W52,68.0075,12/27/2019,1/2/2020,4
2020-W01,68.392,1/3/2020,1/9/2020,5
2020-W02,64.656,1/10/2020,1/16/2020,5
2020-W03,63.142,1/17/2020,1/23/2020,5
2020-W04,58.886,1/24/2020,1/30/2020,5
2020-W05,55.242,1/31/2020,2/6/2020,5
2020-W06,54.76,2/7/2020,2/13/2020,5
2020-W07,58.368,2/14/2020,2/20/2020,5
2020-W08,55.55,2/21/2020,2/27/2020,5
2020-W09,51.844,2/28/2020,3/5/2020,5
2020-W10,36.394,3/6/2020,3/12/2020,5
2020-W11,26.994,3/13/2020,3/19/2020,5
2020-W12,24.594,3/20/2020,3/26/2020,5
2020-W13,18.328,3/27/2020,4/2/2020,5
2020-W14,22.892,4/3/2020,4/9/2020,5
2020-W15,20.0767,4/10/2020,4/16/2020,3
2020-W16,15.012,4/17/2020,4/23/2020,5
2020-W17,16.522,4/24/2020,4/30/2020,5
2020-W18,22.556,5/1/2020,5/7/2020,5
2020-W19,27.49,5/8/2020,5/14/2020,4
2020-W20,33.37,5/15/2020,5/21/2020,5
2020-W21,33.615,5/22/2020,5/28/2020,4
2020-W22,37,5/29/2020,6/4/2020,5
2020-W23,40.01,6/5/2020,6/11/2020,5
2020-W24,40.19,6/12/2020,6/18/2020,5
2020-W25,41.966,6/19/2020,6/25/2020,5
2020-W26,41.912,6/26/2020,7/2/2020,5
2020-W27,42.99,7/3/2020,7/9/2020,5
2020-W28,43.352,7/10/2020,7/16/2020,5
2020-W29,43.616,7/17/2020,7/23/2020,5
2020-W30,43.256,7/24/2020,7/30/2020,5
2020-W31,44.168,7/31/2020,8/6/2020,5
2020-W32,44.38,8/7/2020,8/13/2020,5
2020-W33,44.976,8/14/2020,8/20/2020,5
2020-W34,45.002,8/21/2020,8/27/2020,5
2020-W35,44.09,8/28/2020,9/3/2020,4
2020-W36,39.91,9/4/2020,9/10/2020,5
2020-W37,40.098,9/11/2020,9/17/2020,5
2020-W38,41.14,9/18/2020,9/24/2020,5
2020-W39,40.576,9/25/2020,10/1/2020,5
2020-W40,40.334,10/2/2020,10/8/2020,5
2020-W41,41.378,10/9/2020,10/15/2020,5
2020-W42,41.124,10/16/2020,10/22/2020,5
2020-W43,38.782,10/23/2020,10/29/2020,5
2020-W44,38.286,10/30/2020,11/5/2020,5
2020-W45,41.184,11/6/2020,11/12/2020,5
2020-W46,42.552,11/13/2020,11/19/2020,5
2020-W47,45.808,11/20/2020,11/26/2020,5
2020-W48,47.384,11/27/2020,12/3/2020,5
2020-W49,49.142,12/4/2020,12/10/2020,5
2020-W50,50.616,12/11/2020,12/17/2020,5
2020-W51,50.918,12/18/2020,12/24/2020,5
2020-W52,50.82,12/25/2020,12/31/2020,4
2021-W01,55.522,1/8/2021,1/14/2021,5
2021-W02,55.146,1/15/2021,1/21/2021,5
2021-W03,55.172,1/22/2021,1/28/2021,5
2021-W04,57.376,1/29/2021,2/4/2021,5
2021-W05,60.53,2/5/2021,2/11/2021,5
2021-W06,63.824,2/12/2021,2/18/2021,5
2021-W07,65.254,2/19/2021,2/25/2021,5
2021-W08,65.122,2/26/2021,3/4/2021,5
2021-W09,68.37,3/5/2021,3/11/2021,5
2021-W10,67.088,3/12/2021,3/18/2021,5
2021-W11,62.552,3/19/2021,3/25/2021,5
2021-W12,63.696,3/26/2021,4/1/2021,5
2021-W13,61.8067,4/2/2021,4/8/2021,3
2021-W14,63.868,4/9/2021,4/15/2021,5
2021-W15,65.39,4/16/2021,4/22/2021,5
2021-W16,66.568,4/23/2021,4/29/2021,5
2021-W17,68.7425,4/30/2021,5/6/2021,4
2021-W18,68.63,5/7/2021,5/13/2021,5
2021-W19,67.986,5/14/2021,5/20/2021,5
2021-W20,68.494,5/21/2021,5/27/2021,5
2021-W21,70.175,5/28/2021,6/3/2021,4
2021-W22,71.308,6/4/2021,6/10/2021,5
2021-W23,72.9,6/11/2021,6/17/2021,5
2021-W24,74.736,6/18/2021,6/24/2021,5
2021-W25,76.048,6/25/2021,7/1/2021,5
2021-W26,76.208,7/2/2021,7/8/2021,5
2021-W27,76.336,7/9/2021,7/15/2021,5
2021-W28,72.122,7/16/2021,7/22/2021,5
2021-W29,75.182,7/23/2021,7/29/2021,5
2021-W30,73.6,7/30/2021,8/5/2021,5
2021-W31,71.118,8/6/2021,8/12/2021,5
2021-W32,69.156,8/13/2021,8/19/2021,5
2021-W33,69.666,8/20/2021,8/26/2021,5
2021-W34,72.815,8/27/2021,9/2/2021,4
2021-W35,72.14,9/3/2021,9/9/2021,5
2021-W36,73.688,9/10/2021,9/16/2021,5
2021-W37,74.764,9/17/2021,9/23/2021,5
2021-W38,78.048,9/24/2021,9/30/2021,5
2021-W39,81.458,10/1/2021,10/7/2021,5
2021-W40,83.368,10/8/2021,10/14/2021,5
2021-W41,84.832,10/15/2021,10/21/2021,5
2021-W42,84.582,10/22/2021,10/28/2021,5
2021-W43,82.656,10/29/2021,11/4/2021,5
2021-W44,83.296,11/5/2021,11/11/2021,5
2021-W45,82.162,11/12/2021,11/18/2021,5
2021-W46,81.812,11/19/2021,11/25/2021,5
2021-W47,71.332,11/26/2021,12/2/2021,5
2021-W48,73.934,12/3/2021,12/9/2021,5
2021-W49,74.164,12/10/2021,12/16/2021,5
2021-W50,73.456,12/17/2021,12/23/2021,5
2021-W51,77.4933,12/24/2021,12/30/2021,3
2021-W52,79.494,12/31/2021,1/6/2022,5
2022-W01,84.09,1/7/2022,1/13/2022,5
2022-W02,88.642,1/14/2022,1/20/2022,5
2022-W03,89.78,1/21/2022,1/27/2022,5
2022-W04,91.696,1/28/2022,2/3/2022,5
2022-W05,96.306,2/4/2022,2/10/2022,5
2022-W06,98.062,2/11/2022,2/17/2022,5
2022-W07,98.888,2/18/2022,2/24/2022,5
2022-W08,109.374,2/25/2022,3/3/2022,5
2022-W09,123.436,3/4/2022,3/10/2022,5
2022-W10,110.35,3/11/2022,3/17/2022,5
2022-W11,121.928,3/18/2022,3/24/2022,5
2022-W12,114.568,3/25/2022,3/31/2022,5
2022-W13,104.304,4/1/2022,4/7/2022,5
2022-W14,104.584,4/8/2022,4/14/2022,5
2022-W15,105.9133,4/15/2022,4/21/2022,3
2022-W16,103.278,4/22/2022,4/28/2022,5
2022-W17,108.985,4/29/2022,5/5/2022,4
2022-W18,107.78,5/6/2022,5/12/2022,5
2022-W19,112.626,5/13/2022,5/19/2022,5
2022-W20,116.15,5/20/2022,5/26/2022,5
2022-W21,122.9825,5/27/2022,6/2/2022,4
2022-W22,127.046,6/3/2022,6/9/2022,5
2022-W23,126.728,6/10/2022,6/16/2022,5
2022-W24,117.204,6/17/2022,6/23/2022,5
2022-W25,119.968,6/24/2022,6/30/2022,5
2022-W26,114.688,7/1/2022,7/7/2022,5
2022-W27,110.138,7/8/2022,7/14/2022,5
2022-W28,114.632,7/15/2022,7/21/2022,5
2022-W29,108.328,7/22/2022,7/28/2022,5
2022-W30,104.784,7/29/2022,8/4/2022,5
2022-W31,103.966,8/5/2022,8/11/2022,5
2022-W32,98.176,8/12/2022,8/18/2022,5
2022-W33,97.936,8/19/2022,8/25/2022,5
2022-W34,97.315,8/26/2022,9/1/2022,4
2022-W35,90.712,9/2/2022,9/8/2022,5
2022-W36,91.856,9/9/2022,9/15/2022,5
2022-W37,89.8275,9/16/2022,9/22/2022,4
2022-W38,86.354,9/23/2022,9/29/2022,5
2022-W39,92.664,9/30/2022,10/6/2022,5
2022-W40,95.956,10/7/2022,10/13/2022,5
2022-W41,91.116,10/14/2022,10/20/2022,5
2022-W42,92.45,10/21/2022,10/27/2022,5
2022-W43,94.884,10/28/2022,11/3/2022,5
2022-W44,96.71,11/4/2022,11/10/2022,5
2022-W45,93.574,11/11/2022,11/17/2022,5
2022-W46,87.502,11/18/2022,11/24/2022,5
2022-W47,84.402,11/25/2022,12/1/2022,5
2022-W48,80.59,12/2/2022,12/8/2022,5
2022-W49,80.036,12/9/2022,12/15/2022,5
2022-W50,80.228,12/16/2022,12/22/2022,5
2022-W51,81.7033,12/23/2022,12/29/2022,3
2022-W52,78.805,12/30/2022,1/5/2023,4
2023-W01,79.202,1/6/2023,1/12/2023,5
2023-W02,83.864,1/13/2023,1/19/2023,5
2023-W03,86.224,1/20/2023,1/26/2023,5
2023-W04,83.172,1/27/2023,2/2/2023,5
2023-W05,81.976,2/3/2023,2/9/2023,5
2023-W06,84.87,2/10/2023,2/16/2023,5
2023-W07,81.706,2/17/2023,2/23/2023,5
2023-W08,82.918,2/24/2023,3/2/2023,5
2023-W09,83.546,3/3/2023,3/9/2023,5
2023-W10,77.232,3/10/2023,3/16/2023,5
2023-W11,73.724,3/17/2023,3/23/2023,5
2023-W12,76.892,3/24/2023,3/30/2023,5
2023-W13,84.63,3/31/2023,4/6/2023,5
2023-W14,87.38,4/7/2023,4/13/2023,3
2023-W15,85.41,4/14/2023,4/20/2023,5
2023-W16,81.804,4/21/2023,4/27/2023,5
2023-W17,75.985,4/28/2023,5/4/2023,4
2023-W18,76.4075,5/5/2023,5/11/2023,4
2023-W19,75.576,5/12/2023,5/18/2023,5
2023-W20,76.3,5/19/2023,5/25/2023,5
2023-W21,73.9675,5/26/2023,6/1/2023,4
2023-W22,76.312,6/2/2023,6/8/2023,5
2023-W23,73.984,6/9/2023,6/15/2023,5
2023-W24,75.898,6/16/2023,6/22/2023,5
2023-W25,73.36,6/23/2023,6/29/2023,5
2023-W26,75.744,6/30/2023,7/6/2023,5
2023-W27,79.56,7/7/2023,7/13/2023,5
2023-W28,79.248,7/14/2023,7/20/2023,5
2023-W29,82.862,7/21/2023,7/27/2023,5
2023-W30,85.05,7/28/2023,8/3/2023,5
2023-W31,87.72,8/4/2023,8/10/2023,5
2023-W32,86.268,8/11/2023,8/17/2023,5
2023-W33,84.814,8/18/2023,8/24/2023,5
2023-W34,86.425,8/25/2023,8/31/2023,4
2023-W35,90.92,9/1/2023,9/7/2023,5
2023-W36,93.128,9/8/2023,9/14/2023,5
2023-W37,95.174,9/15/2023,9/21/2023,5
2023-W38,95.24,9/22/2023,9/28/2023,5
2023-W39,91.928,9/29/2023,10/5/2023,5
2023-W40,89.182,10/6/2023,10/12/2023,5
2023-W41,92.59,10/13/2023,10/19/2023,5
2023-W42,90.438,10/20/2023,10/26/2023,5
2023-W43,88.844,10/27/2023,11/2/2023,5
2023-W44,84.298,11/3/2023,11/9/2023,5
2023-W45,82.416,11/10/2023,11/16/2023,5
2023-W46,81.9,11/17/2023,11/23/2023,5
2023-W47,81.134,11/24/2023,11/30/2023,5
2023-W48,76.538,12/1/2023,12/7/2023,5
2023-W49,75.398,12/8/2023,12/14/2023,5
2023-W50,79.476,12/15/2023,12/21/2023,5
2023-W51,80.08,12/22/2023,12/28/2023,3
2023-W52,76.725,12/29/2023,1/4/2024,4
2024-W01,78.084,1/5/2024,1/11/2024,5
2024-W02,79.944,1/12/2024,1/18/2024,5
2024-W03,81.786,1/19/2024,1/25/2024,5
2024-W04,83.33,1/26/2024,2/1/2024,5
2024-W05,80.698,2/2/2024,2/8/2024,5
2024-W06,84.184,2/9/2024,2/15/2024,5
2024-W07,85.158,2/16/2024,2/22/2024,5
2024-W08,84.128,2/23/2024,2/29/2024,5
2024-W09,85.738,3/1/2024,3/7/2024,5
2024-W10,84.3,3/8/2024,3/14/2024,5
2024-W11,85.982,3/15/2024,3/21/2024,5
2024-W12,85.614,3/22/2024,3/28/2024,5
2024-W13,89.5167,3/29/2024,4/4/2024,3
2024-W14,91.946,4/5/2024,4/11/2024,5
2024-W15,90.626,4/12/2024,4/18/2024,5
2024-W16,88.134,4/19/2024,4/25/2024,5
2024-W17,89.195,4/26/2024,5/2/2024,2
2024-W18,,5/3/2024,5/9/2024,0
2024-W19,,5/10/2024,5/16/2024,0
2024-W20,,5/17/2024,5/23/2024,0
2024-W21,,5/24/2024,5/30/2024,0
2024-W22,,5/31/2024,6/6/2024,0
2024-W23,,6/7/2024,6/13/2024,0
2024-W24,,6/14/2024,6/20/2024,0
2024-W25,,6/21/2024,6/27/2024,0
2024-W26,,6/28/2024,7/4/2024,0
2024-W27,,7/5/2024,7/11/2024,0
2024-W28,,7/12/2024,7/18/2024,0
2024-W29,,7/19/2024,7/25/2024,0
2024-W30,,7/26/2024,8/1/2024,0
2024-W31,,8/2/2024,8/8/2024,0
2024-W32,,8/9/2024,8/15/2024,0
2024-W33,,8/16/2024,8/22/2024,0
2024-W34,,8/23/2024,8/29/2024,0
2024-W35,,8/30/2024,9/5/2024,0
2024-W36,,9/6/2024,9/12/2024,0
2024-W37,,9/13/2024,9/19/2024,0
2024-W38,,9/20/2024,9/26/2024,0
2024-W39,,9/27/2024,10/3/2024,0
2024-W40,,10/4/2024,10/10/2024,0
2024-W41,,10/11/2024,10/17/2024,0
2024-W42,,10/18/2024,10/24/2024,0
2024-W43,,10/25/2024,10/31/2024,0
2024-W44,,11/1/2024,11/7/2024,0
2024-W45,,11/8/2024,11/14/2024,0
2024-W46,,11/15/2024,11/21/2024,0
2024-W47,,11/22/2024,11/28/2024,0
2024-W48,,11/29/2024,12/5/2024,0
2024-W49,,12/6/2024,12/12/2024,0
2024-W50,,12/13/2024,12/19/2024,0
2024-W51,,12/20/2024,12/26/2024,0
2024-W52,,12/27/2024,1/2/2025,0
