Year_Week,Price,Start_Date,End_Date
1990-w1,,1/5/1990,1/11/1990
1990-w2,,1/12/1990,1/18/1990
1990-w3,,1/19/1990,1/25/1990
1990-w4,,1/26/1990,2/1/1990
1990-w5,,2/2/1990,2/8/1990
1990-w6,,2/9/1990,2/15/1990
1990-w7,,2/16/1990,2/22/1990
1990-w8,9.6,2/23/1990,3/1/1990
1990-w9,9.6,3/2/1990,3/8/1990
1990-w10,9.6,3/9/1990,3/15/1990
1990-w11,9.6,3/16/1990,3/22/1990
1990-w12,9.6,3/23/1990,3/29/1990
1990-w13,9.6,3/30/1990,4/5/1990
1990-w14,9.6,4/6/1990,4/12/1990
1990-w15,9.6,4/13/1990,4/19/1990
1990-w16,9.6,4/20/1990,4/26/1990
1990-w17,9.6,4/27/1990,5/3/1990
1990-w18,9.6,5/4/1990,5/10/1990
1990-w19,9.6,5/11/1990,5/17/1990
1990-w20,9.6,5/18/1990,5/24/1990
1990-w21,9.6,5/25/1990,5/31/1990
1990-w22,9.6,6/1/1990,6/7/1990
1990-w23,9.6,6/8/1990,6/14/1990
1990-w24,9.6,6/15/1990,6/21/1990
1990-w25,9.6,6/22/1990,6/28/1990
1990-w26,9.6,6/29/1990,7/5/1990
1990-w27,9.6,7/6/1990,7/12/1990
1990-w28,9.6,7/13/1990,7/19/1990
1990-w29,9.6,7/20/1990,7/26/1990
1990-w30,9.6,7/27/1990,8/2/1990
1990-w31,9.6,8/3/1990,8/9/1990
1990-w32,10.2,8/10/1990,8/16/1990
1990-w33,11,8/17/1990,8/23/1990
1990-w34,11,8/24/1990,8/30/1990
1990-w35,11,8/31/1990,9/6/1990
1990-w36,11,9/7/1990,9/13/1990
1990-w37,11,9/14/1990,9/20/1990
1990-w38,11,9/21/1990,9/27/1990
1990-w39,11,9/28/1990,10/4/1990
1990-w40,11,10/5/1990,10/11/1990
1990-w41,11,10/12/1990,10/18/1990
1990-w42,11,10/19/1990,10/25/1990
1990-w43,11,10/26/1990,11/1/1990
1990-w44,12.14285714,11/2/1990,11/8/1990
1990-w45,13,11/9/1990,11/15/1990
1990-w46,13,11/16/1990,11/22/1990
1990-w47,13,11/23/1990,11/29/1990
1990-w48,13,11/30/1990,12/6/1990
1990-w49,13,12/7/1990,12/13/1990
1990-w50,13,12/14/1990,12/20/1990
1990-w51,13,12/21/1990,12/27/1990
1990-w52,13,12/28/1990,1/3/1991
1991-w1,13,1/4/1991,1/10/1991
1991-w2,13,1/11/1991,1/17/1991
1991-w3,13,1/18/1991,1/24/1991
1991-w4,13,1/25/1991,1/31/1991
1991-w5,13,2/1/1991,2/7/1991
1991-w6,13,2/8/1991,2/14/1991
1991-w7,13,2/15/1991,2/21/1991
1991-w8,13,2/22/1991,2/28/1991
1991-w9,13,3/1/1991,3/7/1991
1991-w10,13,3/8/1991,3/14/1991
1991-w11,13,3/15/1991,3/21/1991
1991-w12,13,3/22/1991,3/28/1991
1991-w13,13,3/29/1991,4/4/1991
1991-w14,13,4/5/1991,4/11/1991
1991-w15,13,4/12/1991,4/18/1991
1991-w16,13,4/19/1991,4/25/1991
1991-w17,13,4/26/1991,5/2/1991
1991-w18,13,5/3/1991,5/9/1991
1991-w19,13,5/10/1991,5/16/1991
1991-w20,13,5/17/1991,5/23/1991
1991-w21,13,5/24/1991,5/30/1991
1991-w22,13,5/31/1991,6/6/1991
1991-w23,13,6/7/1991,6/13/1991
1991-w24,13,6/14/1991,6/20/1991
1991-w25,13,6/21/1991,6/27/1991
1991-w26,13,6/28/1991,7/4/1991
1991-w27,13,7/5/1991,7/11/1991
1991-w28,13,7/12/1991,7/18/1991
1991-w29,13,7/19/1991,7/25/1991
1991-w30,13,7/26/1991,8/1/1991
1991-w31,13,8/2/1991,8/8/1991
1991-w32,13,8/9/1991,8/15/1991
1991-w33,13,8/16/1991,8/22/1991
1991-w34,13,8/23/1991,8/29/1991
1991-w35,13,8/30/1991,9/5/1991
1991-w36,13,9/6/1991,9/12/1991
1991-w37,13,9/13/1991,9/19/1991
1991-w38,13,9/20/1991,9/26/1991
1991-w39,13,9/27/1991,10/3/1991
1991-w40,13,10/4/1991,10/10/1991
1991-w41,13,10/11/1991,10/17/1991
1991-w42,13,10/18/1991,10/24/1991
1991-w43,13,10/25/1991,10/31/1991
1991-w44,13,11/1/1991,11/7/1991
1991-w45,13,11/8/1991,11/14/1991
1991-w46,13,11/15/1991,11/21/1991
1991-w47,13,11/22/1991,11/28/1991
1991-w48,13,11/29/1991,12/5/1991
1991-w49,13,12/6/1991,12/12/1991
1991-w50,13,12/13/1991,12/19/1991
1991-w51,13,12/20/1991,12/26/1991
1991-w52,13,12/27/1991,1/2/1992
1992-w1,13,1/3/1992,1/9/1992
1992-w2,13,1/10/1992,1/16/1992
1992-w3,13,1/17/1992,1/23/1992
1992-w4,13,1/24/1992,1/30/1992
1992-w5,13,1/31/1992,2/6/1992
1992-w6,13,2/7/1992,2/13/1992
1992-w7,13,2/14/1992,2/20/1992
1992-w8,13,2/21/1992,2/27/1992
1992-w9,13,2/28/1992,3/5/1992
1992-w10,13,3/6/1992,3/12/1992
1992-w11,13,3/13/1992,3/19/1992
1992-w12,13,3/20/1992,3/26/1992
1992-w13,13,3/27/1992,4/2/1992
1992-w14,13,4/3/1992,4/9/1992
1992-w15,13,4/10/1992,4/16/1992
1992-w16,13,4/17/1992,4/23/1992
1992-w17,13,4/24/1992,4/30/1992
1992-w18,13,5/1/1992,5/7/1992
1992-w19,12.57142857,5/8/1992,5/14/1992
1992-w20,11.5,5/15/1992,5/21/1992
1992-w21,11.5,5/22/1992,5/28/1992
1992-w22,11.5,5/29/1992,6/4/1992
1992-w23,11.5,6/5/1992,6/11/1992
1992-w24,11.5,6/12/1992,6/18/1992
1992-w25,11.5,6/19/1992,6/25/1992
1992-w26,11.5,6/26/1992,7/2/1992
1992-w27,11.5,7/3/1992,7/9/1992
1992-w28,11.52142857,7/10/1992,7/16/1992
1992-w29,11.55,7/17/1992,7/23/1992
1992-w30,11.55,7/24/1992,7/30/1992
1992-w31,11.55,7/31/1992,8/6/1992
1992-w32,11.55,8/7/1992,8/13/1992
1992-w33,11.55,8/14/1992,8/20/1992
1992-w34,11.55,8/21/1992,8/27/1992
1992-w35,11.55,8/28/1992,9/3/1992
1992-w36,11.55,9/4/1992,9/10/1992
1992-w37,11.55,9/11/1992,9/17/1992
1992-w38,11.55,9/18/1992,9/24/1992
1992-w39,11.55,9/25/1992,10/1/1992
1992-w40,11.59285714,10/2/1992,10/8/1992
1992-w41,11.6,10/9/1992,10/15/1992
1992-w42,11.6,10/16/1992,10/22/1992
1992-w43,11.6,10/23/1992,10/29/1992
1992-w44,11.6,10/30/1992,11/5/1992
1992-w45,11.6,11/6/1992,11/12/1992
1992-w46,11.6,11/13/1992,11/19/1992
1992-w47,11.6,11/20/1992,11/26/1992
1992-w48,11.6,11/27/1992,12/3/1992
1992-w49,11.6,12/4/1992,12/10/1992
1992-w50,11.6,12/11/1992,12/17/1992
1992-w51,11.62857143,12/18/1992,12/24/1992
1992-w52,11.65,12/25/1992,12/31/1992
1993-w1,11.65,1/1/1993,1/7/1993
1993-w2,11.65,1/8/1993,1/14/1993
1993-w3,11.65,1/15/1993,1/21/1993
1993-w4,11.65,1/22/1993,1/28/1993
1993-w5,11.65,1/29/1993,2/4/1993
1993-w6,11.65,2/5/1993,2/11/1993
1993-w7,11.65,2/12/1993,2/18/1993
1993-w8,11.65,2/19/1993,2/25/1993
1993-w9,11.65,2/26/1993,3/4/1993
1993-w10,11.65,3/5/1993,3/11/1993
1993-w11,11.65,3/12/1993,3/18/1993
1993-w12,11.65,3/19/1993,3/25/1993
1993-w13,11.65,3/26/1993,4/1/1993
1993-w14,11.65,4/2/1993,4/8/1993
1993-w15,11.65,4/9/1993,4/15/1993
1993-w16,11.65,4/16/1993,4/22/1993
1993-w17,11.65,4/23/1993,4/29/1993
1993-w18,11.65,4/30/1993,5/6/1993
1993-w19,11.65,5/7/1993,5/13/1993
1993-w20,11.65,5/14/1993,5/20/1993
1993-w21,11.65,5/21/1993,5/27/1993
1993-w22,11.65,5/28/1993,6/3/1993
1993-w23,11.67857143,6/4/1993,6/10/1993
1993-w24,11.7,6/11/1993,6/17/1993
1993-w25,11.7,6/18/1993,6/24/1993
1993-w26,11.7,6/25/1993,7/1/1993
1993-w27,11.7,7/2/1993,7/8/1993
1993-w28,11.75714286,7/9/1993,7/15/1993
1993-w29,11.8,7/16/1993,7/22/1993
1993-w30,11.8,7/23/1993,7/29/1993
1993-w31,11.8,7/30/1993,8/5/1993
1993-w32,11.8,8/6/1993,8/12/1993
1993-w33,11.8,8/13/1993,8/19/1993
1993-w34,11.8,8/20/1993,8/26/1993
1993-w35,11.85714286,8/27/1993,9/2/1993
1993-w36,11.9,9/3/1993,9/9/1993
1993-w37,11.9,9/10/1993,9/16/1993
1993-w38,11.9,9/17/1993,9/23/1993
1993-w39,11.9,9/24/1993,9/30/1993
1993-w40,11.9,10/1/1993,10/7/1993
1993-w41,11.91428571,10/8/1993,10/14/1993
1993-w42,12,10/15/1993,10/21/1993
1993-w43,12,10/22/1993,10/28/1993
1993-w44,12,10/29/1993,11/4/1993
1993-w45,12,11/5/1993,11/11/1993
1993-w46,12,11/12/1993,11/18/1993
1993-w47,12,11/19/1993,11/25/1993
1993-w48,12,11/26/1993,12/2/1993
1993-w49,12,12/3/1993,12/9/1993
1993-w50,12,12/10/1993,12/16/1993
1993-w51,12.2,12/17/1993,12/23/1993
1993-w52,12.2,12/24/1993,12/30/1993
1994-w1,12.2,1/7/1994,1/13/1994
1994-w2,12.2,1/14/1994,1/20/1994
1994-w3,12.2,1/21/1994,1/27/1994
1994-w4,12.2,1/28/1994,2/3/1994
1994-w5,12.2,2/4/1994,2/10/1994
1994-w6,12.21428571,2/11/1994,2/17/1994
1994-w7,12.3,2/18/1994,2/24/1994
1994-w8,12.3,2/25/1994,3/3/1994
1994-w9,12.3,3/4/1994,3/10/1994
1994-w10,12.3,3/11/1994,3/17/1994
1994-w11,12.3,3/18/1994,3/24/1994
1994-w12,12.35714286,3/25/1994,3/31/1994
1994-w13,12.4,4/1/1994,4/7/1994
1994-w14,12.4,4/8/1994,4/14/1994
1994-w15,12.4,4/15/1994,4/21/1994
1994-w16,12.4,4/22/1994,4/28/1994
1994-w17,12.4,4/29/1994,5/5/1994
1994-w18,12.4,5/6/1994,5/12/1994
1994-w19,12.4,5/13/1994,5/19/1994
1994-w20,12.4,5/20/1994,5/26/1994
1994-w21,12.4,5/27/1994,6/2/1994
1994-w22,12.4,6/3/1994,6/9/1994
1994-w23,12.4,6/10/1994,6/16/1994
1994-w24,12.4,6/17/1994,6/23/1994
1994-w25,11.97142857,6/24/1994,6/30/1994
1994-w26,11.4,7/1/1994,7/7/1994
1994-w27,11.4,7/8/1994,7/14/1994
1994-w28,11.4,7/15/1994,7/21/1994
1994-w29,11.4,7/22/1994,7/28/1994
1994-w30,11.4,7/29/1994,8/4/1994
1994-w31,11.4,8/5/1994,8/11/1994
1994-w32,11.4,8/12/1994,8/18/1994
1994-w33,11.4,8/19/1994,8/25/1994
1994-w34,11.4,8/26/1994,9/1/1994
1994-w35,11.4,9/2/1994,9/8/1994
1994-w36,11.4,9/9/1994,9/15/1994
1994-w37,11.4,9/16/1994,9/22/1994
1994-w38,11.4,9/23/1994,9/29/1994
1994-w39,11.4,9/30/1994,10/6/1994
1994-w40,11.4,10/7/1994,10/13/1994
1994-w41,11.4,10/14/1994,10/20/1994
1994-w42,11.4,10/21/1994,10/27/1994
1994-w43,11.4,10/28/1994,11/3/1994
1994-w44,11.4,11/4/1994,11/10/1994
1994-w45,11.4,11/11/1994,11/17/1994
1994-w46,11.4,11/18/1994,11/24/1994
1994-w47,11.4,11/25/1994,12/1/1994
1994-w48,11.4,12/2/1994,12/8/1994
1994-w49,11.4,12/9/1994,12/15/1994
1994-w50,11.4,12/16/1994,12/22/1994
1994-w51,11.4,12/23/1994,12/29/1994
1994-w52,11.4,12/30/1994,1/5/1995
1995-w1,11.4,1/6/1995,1/12/1995
1995-w2,11.4,1/13/1995,1/19/1995
1995-w3,11.4,1/20/1995,1/26/1995
1995-w4,11.4,1/27/1995,2/2/1995
1995-w5,11.4,2/3/1995,2/9/1995
1995-w6,11.4,2/10/1995,2/16/1995
1995-w7,11.4,2/17/1995,2/23/1995
1995-w8,11.4,2/24/1995,3/2/1995
1995-w9,11.4,3/3/1995,3/9/1995
1995-w10,11.4,3/10/1995,3/16/1995
1995-w11,11.4,3/17/1995,3/23/1995
1995-w12,11.4,3/24/1995,3/30/1995
1995-w13,11.4,3/31/1995,4/6/1995
1995-w14,11.4,4/7/1995,4/13/1995
1995-w15,11.4,4/14/1995,4/20/1995
1995-w16,11.4,4/21/1995,4/27/1995
1995-w17,11.4,4/28/1995,5/4/1995
1995-w18,11.4,5/5/1995,5/11/1995
1995-w19,11.4,5/12/1995,5/18/1995
1995-w20,11.4,5/19/1995,5/25/1995
1995-w21,11.4,5/26/1995,6/1/1995
1995-w22,11.4,6/2/1995,6/8/1995
1995-w23,11.4,6/9/1995,6/15/1995
1995-w24,11.4,6/16/1995,6/22/1995
1995-w25,11.4,6/23/1995,6/29/1995
1995-w26,11.4,6/30/1995,7/6/1995
1995-w27,11.4,7/7/1995,7/13/1995
1995-w28,11.4,7/14/1995,7/20/1995
1995-w29,11.4,7/21/1995,7/27/1995
1995-w30,11.4,7/28/1995,8/3/1995
1995-w31,11.4,8/4/1995,8/10/1995
1995-w32,11.4,8/11/1995,8/17/1995
1995-w33,11.4,8/18/1995,8/24/1995
1995-w34,11.4,8/25/1995,8/31/1995
1995-w35,11.4,9/1/1995,9/7/1995
1995-w36,11.4,9/8/1995,9/14/1995
1995-w37,11.4,9/15/1995,9/21/1995
1995-w38,11.4,9/22/1995,9/28/1995
1995-w39,11.4,9/29/1995,10/5/1995
1995-w40,11.4,10/6/1995,10/12/1995
1995-w41,11.4,10/13/1995,10/19/1995
1995-w42,11.4,10/20/1995,10/26/1995
1995-w43,11.4,10/27/1995,11/2/1995
1995-w44,11.4,11/3/1995,11/9/1995
1995-w45,11.4,11/10/1995,11/16/1995
1995-w46,11.4,11/17/1995,11/23/1995
1995-w47,11.4,11/24/1995,11/30/1995
1995-w48,11.4,12/1/1995,12/7/1995
1995-w49,11.4,12/8/1995,12/14/1995
1995-w50,11.4,12/15/1995,12/21/1995
1995-w51,11.4,12/22/1995,12/28/1995
1995-w52,11.4,12/29/1995,1/4/1996
1996-w1,11.4,1/5/1996,1/11/1996
1996-w2,11.4,1/12/1996,1/18/1996
1996-w3,11.4,1/19/1996,1/25/1996
1996-w4,11.4,1/26/1996,2/1/1996
1996-w5,11.4,2/2/1996,2/8/1996
1996-w6,11.4,2/9/1996,2/15/1996
1996-w7,11.4,2/16/1996,2/22/1996
1996-w8,11.4,2/23/1996,2/29/1996
1996-w9,11.4,3/1/1996,3/7/1996
1996-w10,11.4,3/8/1996,3/14/1996
1996-w11,11.4,3/15/1996,3/21/1996
1996-w12,11.4,3/22/1996,3/28/1996
1996-w13,11.4,3/29/1996,4/4/1996
1996-w14,11.4,4/5/1996,4/11/1996
1996-w15,11.4,4/12/1996,4/18/1996
1996-w16,11.4,4/19/1996,4/25/1996
1996-w17,11.4,4/26/1996,5/2/1996
1996-w18,11.4,5/3/1996,5/9/1996
1996-w19,11.4,5/10/1996,5/16/1996
1996-w20,11.4,5/17/1996,5/23/1996
1996-w21,11.4,5/24/1996,5/30/1996
1996-w22,11.4,5/31/1996,6/6/1996
1996-w23,11.4,6/7/1996,6/13/1996
1996-w24,11.4,6/14/1996,6/20/1996
1996-w25,11.4,6/21/1996,6/27/1996
1996-w26,11.4,6/28/1996,7/4/1996
1996-w27,11.4,7/5/1996,7/11/1996
1996-w28,11.4,7/12/1996,7/18/1996
1996-w29,11.4,7/19/1996,7/25/1996
1996-w30,11.4,7/26/1996,8/1/1996
1996-w31,11.4,8/2/1996,8/8/1996
1996-w32,11.4,8/9/1996,8/15/1996
1996-w33,11.4,8/16/1996,8/22/1996
1996-w34,11.4,8/23/1996,8/29/1996
1996-w35,11.4,8/30/1996,9/5/1996
1996-w36,11.4,9/6/1996,9/12/1996
1996-w37,11.4,9/13/1996,9/19/1996
1996-w38,11.4,9/20/1996,9/26/1996
1996-w39,12.94285714,9/27/1996,10/3/1996
1996-w40,13.2,10/4/1996,10/10/1996
1996-w41,13.2,10/11/1996,10/17/1996
1996-w42,13.2,10/18/1996,10/24/1996
1996-w43,13.2,10/25/1996,10/31/1996
1996-w44,13.2,11/1/1996,11/7/1996
1996-w45,13.2,11/8/1996,11/14/1996
1996-w46,13.2,11/15/1996,11/21/1996
1996-w47,13.2,11/22/1996,11/28/1996
1996-w48,13.2,11/29/1996,12/5/1996
1996-w49,13.2,12/6/1996,12/12/1996
1996-w50,13.2,12/13/1996,12/19/1996
1996-w51,13.2,12/20/1996,12/26/1996
1996-w52,13.2,12/27/1996,1/2/1997
1997-w1,13.2,1/3/1997,1/9/1997
1997-w2,13.2,1/10/1997,1/16/1997
1997-w3,13.2,1/17/1997,1/23/1997
1997-w4,13.2,1/24/1997,1/30/1997
1997-w5,13.2,1/31/1997,2/6/1997
1997-w6,13.2,2/7/1997,2/13/1997
1997-w7,13.2,2/14/1997,2/20/1997
1997-w8,13.2,2/21/1997,2/27/1997
1997-w9,13.2,2/28/1997,3/6/1997
1997-w10,13.2,3/7/1997,3/13/1997
1997-w11,13.2,3/14/1997,3/20/1997
1997-w12,13.2,3/21/1997,3/27/1997
1997-w13,13.2,3/28/1997,4/3/1997
1997-w14,13.2,4/4/1997,4/10/1997
1997-w15,13.2,4/11/1997,4/17/1997
1997-w16,13.2,4/18/1997,4/24/1997
1997-w17,13.2,4/25/1997,5/1/1997
1997-w18,13.2,5/2/1997,5/8/1997
1997-w19,13.2,5/9/1997,5/15/1997
1997-w20,13.2,5/16/1997,5/22/1997
1997-w21,13.2,5/23/1997,5/29/1997
1997-w22,13.2,5/30/1997,6/5/1997
1997-w23,13.2,6/6/1997,6/12/1997
1997-w24,13.2,6/13/1997,6/19/1997
1997-w25,13.2,6/20/1997,6/26/1997
1997-w26,13.2,6/27/1997,7/3/1997
1997-w27,13.2,7/4/1997,7/10/1997
1997-w28,13.2,7/11/1997,7/17/1997
1997-w29,13.2,7/18/1997,7/24/1997
1997-w30,13.2,7/25/1997,7/31/1997
1997-w31,13.2,8/1/1997,8/7/1997
1997-w32,13.2,8/8/1997,8/14/1997
1997-w33,13.2,8/15/1997,8/21/1997
1997-w34,13.2,8/22/1997,8/28/1997
1997-w35,13.2,8/29/1997,9/4/1997
1997-w36,13.2,9/5/1997,9/11/1997
1997-w37,13.2,9/12/1997,9/18/1997
1997-w38,13.2,9/19/1997,9/25/1997
1997-w39,13.2,9/26/1997,10/2/1997
1997-w40,13.2,10/3/1997,10/9/1997
1997-w41,13.2,10/10/1997,10/16/1997
1997-w42,13.2,10/17/1997,10/23/1997
1997-w43,13.2,10/24/1997,10/30/1997
1997-w44,13.2,10/31/1997,11/6/1997
1997-w45,13.2,11/7/1997,11/13/1997
1997-w46,13.2,11/14/1997,11/20/1997
1997-w47,13.2,11/21/1997,11/27/1997
1997-w48,13.2,11/28/1997,12/4/1997
1997-w49,13.2,12/5/1997,12/11/1997
1997-w50,13.2,12/12/1997,12/18/1997
1997-w51,13.2,12/19/1997,12/25/1997
1997-w52,13.2,12/26/1997,1/1/1998
1998-w1,13.2,1/2/1998,1/8/1998
1998-w2,13.2,1/9/1998,1/15/1998
1998-w3,13.2,1/16/1998,1/22/1998
1998-w4,13.2,1/23/1998,1/29/1998
1998-w5,13.2,1/30/1998,2/5/1998
1998-w6,13.2,2/6/1998,2/12/1998
1998-w7,13.2,2/13/1998,2/19/1998
1998-w8,13.2,2/20/1998,2/26/1998
1998-w9,13.2,2/27/1998,3/5/1998
1998-w10,13.2,3/6/1998,3/12/1998
1998-w11,13.2,3/13/1998,3/19/1998
1998-w12,13.2,3/20/1998,3/26/1998
1998-w13,13.2,3/27/1998,4/2/1998
1998-w14,13.2,4/3/1998,4/9/1998
1998-w15,13.2,4/10/1998,4/16/1998
1998-w16,13.2,4/17/1998,4/23/1998
1998-w17,13.2,4/24/1998,4/30/1998
1998-w18,13.2,5/1/1998,5/7/1998
1998-w19,13.2,5/8/1998,5/14/1998
1998-w20,13.2,5/15/1998,5/21/1998
1998-w21,13.2,5/22/1998,5/28/1998
1998-w22,13.2,5/29/1998,6/4/1998
1998-w23,13.2,6/5/1998,6/11/1998
1998-w24,13.2,6/12/1998,6/18/1998
1998-w25,13.2,6/19/1998,6/25/1998
1998-w26,13.2,6/26/1998,7/2/1998
1998-w27,13.2,7/3/1998,7/9/1998
1998-w28,13.2,7/10/1998,7/16/1998
1998-w29,13.2,7/17/1998,7/23/1998
1998-w30,13.2,7/24/1998,7/30/1998
1998-w31,13.2,7/31/1998,8/6/1998
1998-w32,13.2,8/7/1998,8/13/1998
1998-w33,13.2,8/14/1998,8/20/1998
1998-w34,13.2,8/21/1998,8/27/1998
1998-w35,13.2,8/28/1998,9/3/1998
1998-w36,13.2,9/4/1998,9/10/1998
1998-w37,13.2,9/11/1998,9/17/1998
1998-w38,13.2,9/18/1998,9/24/1998
1998-w39,13.2,9/25/1998,10/1/1998
1998-w40,13.2,10/2/1998,10/8/1998
1998-w41,13.2,10/9/1998,10/15/1998
1998-w42,13.2,10/16/1998,10/22/1998
1998-w43,13.2,10/23/1998,10/29/1998
1998-w44,13.2,10/30/1998,11/5/1998
1998-w45,13.2,11/6/1998,11/12/1998
1998-w46,13.2,11/13/1998,11/19/1998
1998-w47,13.2,11/20/1998,11/26/1998
1998-w48,13.2,11/27/1998,12/3/1998
1998-w49,13.2,12/4/1998,12/10/1998
1998-w50,13.2,12/11/1998,12/17/1998
1998-w51,13.2,12/18/1998,12/24/1998
1998-w52,13.2,12/25/1998,12/31/1998
1999-w1,13.2,1/1/1999,1/7/1999
1999-w2,13.2,1/8/1999,1/14/1999
1999-w3,13.2,1/15/1999,1/21/1999
1999-w4,13.2,1/22/1999,1/28/1999
1999-w5,13.2,1/29/1999,2/4/1999
1999-w6,13.2,2/5/1999,2/11/1999
1999-w7,13.2,2/12/1999,2/18/1999
1999-w8,13.2,2/19/1999,2/25/1999
1999-w9,13.2,2/26/1999,3/4/1999
1999-w10,13.2,3/5/1999,3/11/1999
1999-w11,13.2,3/12/1999,3/18/1999
1999-w12,13.2,3/19/1999,3/25/1999
1999-w13,13.2,3/26/1999,4/1/1999
1999-w14,13.2,4/2/1999,4/8/1999
1999-w15,13.2,4/9/1999,4/15/1999
1999-w16,13.2,4/16/1999,4/22/1999
1999-w17,13.2,4/23/1999,4/29/1999
1999-w18,13.2,4/30/1999,5/6/1999
1999-w19,13.2,5/7/1999,5/13/1999
1999-w20,13.2,5/14/1999,5/20/1999
1999-w21,13.2,5/21/1999,5/27/1999
1999-w22,13.2,5/28/1999,6/3/1999
1999-w23,13.2,6/4/1999,6/10/1999
1999-w24,13.2,6/11/1999,6/17/1999
1999-w25,13.2,6/18/1999,6/24/1999
1999-w26,13.2,6/25/1999,7/1/1999
1999-w27,13.2,7/2/1999,7/8/1999
1999-w28,13.2,7/9/1999,7/15/1999
1999-w29,13.2,7/16/1999,7/22/1999
1999-w30,13.2,7/23/1999,7/29/1999
1999-w31,13.2,7/30/1999,8/5/1999
1999-w32,13.2,8/6/1999,8/12/1999
1999-w33,13.2,8/13/1999,8/19/1999
1999-w34,13.2,8/20/1999,8/26/1999
1999-w35,13.2,8/27/1999,9/2/1999
1999-w36,13.2,9/3/1999,9/9/1999
1999-w37,13.2,9/10/1999,9/16/1999
1999-w38,13.2,9/17/1999,9/23/1999
1999-w39,13.2,9/24/1999,9/30/1999
1999-w40,13.2,10/1/1999,10/7/1999
1999-w41,13.2,10/8/1999,10/14/1999
1999-w42,13.2,10/15/1999,10/21/1999
1999-w43,13.2,10/22/1999,10/28/1999
1999-w44,13.2,10/29/1999,11/4/1999
1999-w45,13.2,11/5/1999,11/11/1999
1999-w46,13.2,11/12/1999,11/18/1999
1999-w47,13.2,11/19/1999,11/25/1999
1999-w48,13.2,11/26/1999,12/2/1999
1999-w49,13.2,12/3/1999,12/9/1999
1999-w50,13.2,12/10/1999,12/16/1999
1999-w51,13.2,12/17/1999,12/23/1999
1999-w52,13.2,12/24/1999,12/30/1999
2000-w1,13.2,1/7/2000,1/13/2000
2000-w2,13.2,1/14/2000,1/20/2000
2000-w3,13.2,1/21/2000,1/27/2000
2000-w4,13.2,1/28/2000,2/3/2000
2000-w5,14.91428571,2/4/2000,2/10/2000
2000-w6,16.2,2/11/2000,2/17/2000
2000-w7,16.2,2/18/2000,2/24/2000
2000-w8,16.2,2/25/2000,3/2/2000
2000-w9,16.2,3/3/2000,3/9/2000
2000-w10,16.2,3/10/2000,3/16/2000
2000-w11,16.2,3/17/2000,3/23/2000
2000-w12,16.2,3/24/2000,3/30/2000
2000-w13,16.2,3/31/2000,4/6/2000
2000-w14,16.2,4/7/2000,4/13/2000
2000-w15,16.2,4/14/2000,4/20/2000
2000-w16,16.2,4/21/2000,4/27/2000
2000-w17,16.2,4/28/2000,5/4/2000
2000-w18,16.2,5/5/2000,5/11/2000
2000-w19,16.2,5/12/2000,5/18/2000
2000-w20,16.2,5/19/2000,5/25/2000
2000-w21,16.2,5/26/2000,6/1/2000
2000-w22,16.2,6/2/2000,6/8/2000
2000-w23,18.08571429,6/9/2000,6/15/2000
2000-w24,19.5,6/16/2000,6/22/2000
2000-w25,19.5,6/23/2000,6/29/2000
2000-w26,19.5,6/30/2000,7/6/2000
2000-w27,19.5,7/7/2000,7/13/2000
2000-w28,19.5,7/14/2000,7/20/2000
2000-w29,19.5,7/21/2000,7/27/2000
2000-w30,19.5,7/28/2000,8/3/2000
2000-w31,19.5,8/4/2000,8/10/2000
2000-w32,19.5,8/11/2000,8/17/2000
2000-w33,19.5,8/18/2000,8/24/2000
2000-w34,19.5,8/25/2000,8/31/2000
2000-w35,19.5,9/1/2000,9/7/2000
2000-w36,19.5,9/8/2000,9/14/2000
2000-w37,19.5,9/15/2000,9/21/2000
2000-w38,19.5,9/22/2000,9/28/2000
2000-w39,19.5,9/29/2000,10/5/2000
2000-w40,19.5,10/6/2000,10/12/2000
2000-w41,19.5,10/13/2000,10/19/2000
2000-w42,19.5,10/20/2000,10/26/2000
2000-w43,19.5,10/27/2000,11/2/2000
2000-w44,19.5,11/3/2000,11/9/2000
2000-w45,19.78571429,11/10/2000,11/16/2000
2000-w46,21.5,11/17/2000,11/23/2000
2000-w47,21.5,11/24/2000,11/30/2000
2000-w48,21.5,12/1/2000,12/7/2000
2000-w49,21.5,12/8/2000,12/14/2000
2000-w50,21.5,12/15/2000,12/21/2000
2000-w51,22.35714286,12/22/2000,12/28/2000
2000-w52,24.5,12/29/2000,1/4/2001
2001-w1,24.5,1/5/2001,1/11/2001
2001-w2,24.5,1/12/2001,1/18/2001
2001-w3,24.5,1/19/2001,1/25/2001
2001-w4,24.5,1/26/2001,2/1/2001
2001-w5,24.5,2/2/2001,2/8/2001
2001-w6,24.5,2/9/2001,2/15/2001
2001-w7,24.5,2/16/2001,2/22/2001
2001-w8,24.5,2/23/2001,3/1/2001
2001-w9,24.5,3/2/2001,3/8/2001
2001-w10,24.5,3/9/2001,3/15/2001
2001-w11,24.5,3/16/2001,3/22/2001
2001-w12,24.5,3/23/2001,3/29/2001
2001-w13,24.5,3/30/2001,4/5/2001
2001-w14,24.5,4/6/2001,4/12/2001
2001-w15,26.64285714,4/13/2001,4/19/2001
2001-w16,27.5,4/20/2001,4/26/2001
2001-w17,27.5,4/27/2001,5/3/2001
2001-w18,27.5,5/4/2001,5/10/2001
2001-w19,27.5,5/11/2001,5/17/2001
2001-w20,27.5,5/18/2001,5/24/2001
2001-w21,27.5,5/25/2001,5/31/2001
2001-w22,27.5,6/1/2001,6/7/2001
2001-w23,27.5,6/8/2001,6/14/2001
2001-w24,27.5,6/15/2001,6/21/2001
2001-w25,27.5,6/22/2001,6/28/2001
2001-w26,27.5,6/29/2001,7/5/2001
2001-w27,27.5,7/6/2001,7/12/2001
2001-w28,27.5,7/13/2001,7/19/2001
2001-w29,27.5,7/20/2001,7/26/2001
2001-w30,27.5,7/27/2001,8/2/2001
2001-w31,27.5,8/3/2001,8/9/2001
2001-w32,27.5,8/10/2001,8/16/2001
2001-w33,27.5,8/17/2001,8/23/2001
2001-w34,27.5,8/24/2001,8/30/2001
2001-w35,27.5,8/31/2001,9/6/2001
2001-w36,27.5,9/7/2001,9/13/2001
2001-w37,27.5,9/14/2001,9/20/2001
2001-w38,27.5,9/21/2001,9/27/2001
2001-w39,27.5,9/28/2001,10/4/2001
2001-w40,27.5,10/5/2001,10/11/2001
2001-w41,27.5,10/12/2001,10/18/2001
2001-w42,27.5,10/19/2001,10/25/2001
2001-w43,27.5,10/26/2001,11/1/2001
2001-w44,27.5,11/2/2001,11/8/2001
2001-w45,27.5,11/9/2001,11/15/2001
2001-w46,27.5,11/16/2001,11/22/2001
2001-w47,27.5,11/23/2001,11/29/2001
2001-w48,27.5,11/30/2001,12/6/2001
2001-w49,27.5,12/7/2001,12/13/2001
2001-w50,27.5,12/14/2001,12/20/2001
2001-w51,27.5,12/21/2001,12/27/2001
2001-w52,16.5,12/28/2001,1/3/2002
2002-w1,16.5,1/4/2002,1/10/2002
2002-w2,16.5,1/11/2002,1/17/2002
2002-w3,16.5,1/18/2002,1/24/2002
2002-w4,16.5,1/25/2002,1/31/2002
2002-w5,16.5,2/1/2002,2/7/2002
2002-w6,16.5,2/8/2002,2/14/2002
2002-w7,16.5,2/15/2002,2/21/2002
2002-w8,21.92857143,2/22/2002,2/28/2002
2002-w9,26,3/1/2002,3/7/2002
2002-w10,26,3/8/2002,3/14/2002
2002-w11,26,3/15/2002,3/21/2002
2002-w12,26,3/22/2002,3/28/2002
2002-w13,26,3/29/2002,4/4/2002
2002-w14,26,4/5/2002,4/11/2002
2002-w15,26,4/12/2002,4/18/2002
2002-w16,27.14285714,4/19/2002,4/25/2002
2002-w17,28,4/26/2002,5/2/2002
2002-w18,28,5/3/2002,5/9/2002
2002-w19,28,5/10/2002,5/16/2002
2002-w20,28.85714286,5/17/2002,5/23/2002
2002-w21,30,5/24/2002,5/30/2002
2002-w22,30,5/31/2002,6/6/2002
2002-w23,30,6/7/2002,6/13/2002
2002-w24,30,6/14/2002,6/20/2002
2002-w25,30.5,6/21/2002,6/27/2002
2002-w26,30.5,6/28/2002,7/4/2002
2002-w27,30.5,7/5/2002,7/11/2002
2002-w28,30.5,7/12/2002,7/18/2002
2002-w29,30.5,7/19/2002,7/25/2002
2002-w30,30.5,7/26/2002,8/1/2002
2002-w31,30.5,8/2/2002,8/8/2002
2002-w32,30.5,8/9/2002,8/15/2002
2002-w33,30.5,8/16/2002,8/22/2002
2002-w34,30.5,8/23/2002,8/29/2002
2002-w35,30.5,8/30/2002,9/5/2002
2002-w36,30.5,9/6/2002,9/12/2002
2002-w37,29.35714286,9/13/2002,9/19/2002
2002-w38,28.5,9/20/2002,9/26/2002
2002-w39,28.5,9/27/2002,10/3/2002
2002-w40,28.5,10/4/2002,10/10/2002
2002-w41,28.5,10/11/2002,10/17/2002
2002-w42,28.5,10/18/2002,10/24/2002
2002-w43,28.5,10/25/2002,10/31/2002
2002-w44,28.5,11/1/2002,11/7/2002
2002-w45,28.5,11/8/2002,11/14/2002
2002-w46,28.5,11/15/2002,11/21/2002
2002-w47,28.5,11/22/2002,11/28/2002
2002-w48,28.5,11/29/2002,12/5/2002
2002-w49,28.5,12/6/2002,12/12/2002
2002-w50,28.5,12/13/2002,12/19/2002
2002-w51,28.5,12/20/2002,12/26/2002
2002-w52,28.5,12/27/2002,1/2/2003
2003-w1,28.5,1/3/2003,1/9/2003
2003-w2,28.5,1/10/2003,1/16/2003
2003-w3,28.5,1/17/2003,1/23/2003
2003-w4,28.5,1/24/2003,1/30/2003
2003-w5,28.5,1/31/2003,2/6/2003
2003-w6,28.5,2/7/2003,2/13/2003
2003-w7,28.5,2/14/2003,2/20/2003
2003-w8,28.5,2/21/2003,2/27/2003
2003-w9,28.5,2/28/2003,3/6/2003
2003-w10,28.5,3/7/2003,3/13/2003
2003-w11,28.5,3/14/2003,3/20/2003
2003-w12,28.5,3/21/2003,3/27/2003
2003-w13,28.5,3/28/2003,4/3/2003
2003-w14,28.5,4/4/2003,4/10/2003
2003-w15,28.5,4/11/2003,4/17/2003
2003-w16,28.5,4/18/2003,4/24/2003
2003-w17,28.5,4/25/2003,5/1/2003
2003-w18,28.5,5/2/2003,5/8/2003
2003-w19,28.5,5/9/2003,5/15/2003
2003-w20,28.5,5/16/2003,5/22/2003
2003-w21,28.5,5/23/2003,5/29/2003
2003-w22,28.5,5/30/2003,6/5/2003
2003-w23,28.5,6/6/2003,6/12/2003
2003-w24,28.5,6/13/2003,6/19/2003
2003-w25,28.5,6/20/2003,6/26/2003
2003-w26,28.5,6/27/2003,7/3/2003
2003-w27,28.5,7/4/2003,7/10/2003
2003-w28,28.5,7/11/2003,7/17/2003
2003-w29,28.5,7/18/2003,7/24/2003
2003-w30,28.5,7/25/2003,7/31/2003
2003-w31,28.5,8/1/2003,8/7/2003
2003-w32,28.5,8/8/2003,8/14/2003
2003-w33,28.5,8/15/2003,8/21/2003
2003-w34,28.5,8/22/2003,8/28/2003
2003-w35,28.92857143,8/29/2003,9/4/2003
2003-w36,31.5,9/5/2003,9/11/2003
2003-w37,31.5,9/12/2003,9/18/2003
2003-w38,31.5,9/19/2003,9/25/2003
2003-w39,31.5,9/26/2003,10/2/2003
2003-w40,31.5,10/3/2003,10/9/2003
2003-w41,31.5,10/10/2003,10/16/2003
2003-w42,31.5,10/17/2003,10/23/2003
2003-w43,31.5,10/24/2003,10/30/2003
2003-w44,31.5,10/31/2003,11/6/2003
2003-w45,31.28571429,11/7/2003,11/13/2003
2003-w46,31,11/14/2003,11/20/2003
2003-w47,31,11/21/2003,11/27/2003
2003-w48,31.14285714,11/28/2003,12/4/2003
2003-w49,32,12/5/2003,12/11/2003
2003-w50,32,12/12/2003,12/18/2003
2003-w51,32,12/19/2003,12/25/2003
2003-w52,32,12/26/2003,1/1/2004
2004-w1,32,1/2/2004,1/8/2004
2004-w2,32,1/9/2004,1/15/2004
2004-w3,32,1/16/2004,1/22/2004
2004-w4,32,1/23/2004,1/29/2004
2004-w5,32,1/30/2004,2/5/2004
2004-w6,32,2/6/2004,2/12/2004
2004-w7,32,2/13/2004,2/19/2004
2004-w8,32,2/20/2004,2/26/2004
2004-w9,32,2/27/2004,3/4/2004
2004-w10,32,3/5/2004,3/11/2004
2004-w11,32,3/12/2004,3/18/2004
2004-w12,32,3/19/2004,3/25/2004
2004-w13,32,3/26/2004,4/1/2004
2004-w14,32,4/2/2004,4/8/2004
2004-w15,32,4/9/2004,4/15/2004
2004-w16,32,4/16/2004,4/22/2004
2004-w17,32,4/23/2004,4/29/2004
2004-w18,32,4/30/2004,5/6/2004
2004-w19,32,5/7/2004,5/13/2004
2004-w20,32,5/14/2004,5/20/2004
2004-w21,32,5/21/2004,5/27/2004
2004-w22,32,5/28/2004,6/3/2004
2004-w23,32,6/4/2004,6/10/2004
2004-w24,32,6/11/2004,6/17/2004
2004-w25,32,6/18/2004,6/24/2004
2004-w26,32,6/25/2004,7/1/2004
2004-w27,32,7/2/2004,7/8/2004
2004-w28,32,7/9/2004,7/15/2004
2004-w29,32,7/16/2004,7/22/2004
2004-w30,32,7/23/2004,7/29/2004
2004-w31,32,7/30/2004,8/5/2004
2004-w32,32,8/6/2004,8/12/2004
2004-w33,36,8/13/2004,8/19/2004
2004-w34,36,8/20/2004,8/26/2004
2004-w35,36,8/27/2004,9/2/2004
2004-w36,36,9/3/2004,9/9/2004
2004-w37,36,9/10/2004,9/16/2004
2004-w38,36,9/17/2004,9/23/2004
2004-w39,42.85714286,9/24/2004,9/30/2004
2004-w40,44,10/1/2004,10/7/2004
2004-w41,44,10/8/2004,10/14/2004
2004-w42,44,10/15/2004,10/21/2004
2004-w43,44,10/22/2004,10/28/2004
2004-w44,44,10/29/2004,11/4/2004
2004-w45,44,11/5/2004,11/11/2004
2004-w46,44,11/12/2004,11/18/2004
2004-w47,44,11/19/2004,11/25/2004
2004-w48,44,11/26/2004,12/2/2004
2004-w49,44,12/3/2004,12/9/2004
2004-w50,44,12/10/2004,12/16/2004
2004-w51,44,12/17/2004,12/23/2004
2004-w52,44,12/24/2004,12/30/2004
2005-w1,44,1/7/2005,1/13/2005
2005-w2,44,1/14/2005,1/20/2005
2005-w3,44,1/21/2005,1/27/2005
2005-w4,44,1/28/2005,2/3/2005
2005-w5,44,2/4/2005,2/10/2005
2005-w6,44,2/11/2005,2/17/2005
2005-w7,44,2/18/2005,2/24/2005
2005-w8,44,2/25/2005,3/3/2005
2005-w9,44,3/4/2005,3/10/2005
2005-w10,44,3/11/2005,3/17/2005
2005-w11,44,3/18/2005,3/24/2005
2005-w12,44,3/25/2005,3/31/2005
2005-w13,44,4/1/2005,4/7/2005
2005-w14,44,4/8/2005,4/14/2005
2005-w15,44,4/15/2005,4/21/2005
2005-w16,44,4/22/2005,4/28/2005
2005-w17,44.28571429,4/29/2005,5/5/2005
2005-w18,46,5/6/2005,5/12/2005
2005-w19,46,5/13/2005,5/19/2005
2005-w20,46,5/20/2005,5/26/2005
2005-w21,46,5/27/2005,6/2/2005
2005-w22,48.28571429,6/3/2005,6/9/2005
2005-w23,50,6/10/2005,6/16/2005
2005-w24,50,6/17/2005,6/23/2005
2005-w25,50,6/24/2005,6/30/2005
2005-w26,50,7/1/2005,7/7/2005
2005-w27,50,7/8/2005,7/14/2005
2005-w28,50,7/15/2005,7/21/2005
2005-w29,50,7/22/2005,7/28/2005
2005-w30,50,7/29/2005,8/4/2005
2005-w31,50,8/5/2005,8/11/2005
2005-w32,50,8/12/2005,8/18/2005
2005-w33,50,8/19/2005,8/25/2005
2005-w34,50,8/26/2005,9/1/2005
2005-w35,50,9/2/2005,9/8/2005
2005-w36,50,9/9/2005,9/15/2005
2005-w37,50,9/16/2005,9/22/2005
2005-w38,50,9/23/2005,9/29/2005
2005-w39,50,9/30/2005,10/6/2005
2005-w40,50,10/7/2005,10/13/2005
2005-w41,50,10/14/2005,10/20/2005
2005-w42,50,10/21/2005,10/27/2005
2005-w43,50,10/28/2005,11/3/2005
2005-w44,50,11/4/2005,11/10/2005
2005-w45,50,11/11/2005,11/17/2005
2005-w46,50,11/18/2005,11/24/2005
2005-w47,50,11/25/2005,12/1/2005
2005-w48,50,12/2/2005,12/8/2005
2005-w49,50,12/9/2005,12/15/2005
2005-w50,50,12/16/2005,12/22/2005
2005-w51,50,12/23/2005,12/29/2005
2005-w52,50,12/30/2005,1/5/2006
2006-w1,50,1/6/2006,1/12/2006
2006-w2,50,1/13/2006,1/19/2006
2006-w3,50,1/20/2006,1/26/2006
2006-w4,50,1/27/2006,2/2/2006
2006-w5,50,2/3/2006,2/9/2006
2006-w6,50,2/10/2006,2/16/2006
2006-w7,50,2/17/2006,2/23/2006
2006-w8,50,2/24/2006,3/2/2006
2006-w9,50,3/3/2006,3/9/2006
2006-w10,50,3/10/2006,3/16/2006
2006-w11,50,3/17/2006,3/23/2006
2006-w12,50,3/24/2006,3/30/2006
2006-w13,50,3/31/2006,4/6/2006
2006-w14,50,4/7/2006,4/13/2006
2006-w15,55.71428571,4/14/2006,4/20/2006
2006-w16,58,4/21/2006,4/27/2006
2006-w17,58,4/28/2006,5/4/2006
2006-w18,58,5/5/2006,5/11/2006
2006-w19,58,5/12/2006,5/18/2006
2006-w20,58,5/19/2006,5/25/2006
2006-w21,58,5/26/2006,6/1/2006
2006-w22,58,6/2/2006,6/8/2006
2006-w23,60.14285714,6/9/2006,6/15/2006
2006-w24,61,6/16/2006,6/22/2006
2006-w25,61,6/23/2006,6/29/2006
2006-w26,61,6/30/2006,7/6/2006
2006-w27,61,7/7/2006,7/13/2006
2006-w28,61,7/14/2006,7/20/2006
2006-w29,61,7/21/2006,7/27/2006
2006-w30,61.85714286,7/28/2006,8/3/2006
2006-w31,64,8/4/2006,8/10/2006
2006-w32,64,8/11/2006,8/17/2006
2006-w33,64,8/18/2006,8/24/2006
2006-w34,64,8/25/2006,8/31/2006
2006-w35,64,9/1/2006,9/7/2006
2006-w36,64,9/8/2006,9/14/2006
2006-w37,64,9/15/2006,9/21/2006
2006-w38,64,9/22/2006,9/28/2006
2006-w39,64,9/29/2006,10/5/2006
2006-w40,64,10/6/2006,10/12/2006
2006-w41,64,10/13/2006,10/19/2006
2006-w42,63.42857143,10/20/2006,10/26/2006
2006-w43,60,10/27/2006,11/2/2006
2006-w44,60,11/3/2006,11/9/2006
2006-w45,60,11/10/2006,11/16/2006
2006-w46,60,11/17/2006,11/23/2006
2006-w47,60,11/24/2006,11/30/2006
2006-w48,60,12/1/2006,12/7/2006
2006-w49,60,12/8/2006,12/14/2006
2006-w50,60,12/15/2006,12/21/2006
2006-w51,60,12/22/2006,12/28/2006
2006-w52,60,12/29/2006,1/4/2007
2007-w1,60,1/5/2007,1/11/2007
2007-w2,60,1/12/2007,1/18/2007
2007-w3,60,1/19/2007,1/25/2007
2007-w4,60,1/26/2007,2/1/2007
2007-w5,60,2/2/2007,2/8/2007
2007-w6,60,2/9/2007,2/15/2007
2007-w7,60,2/16/2007,2/22/2007
2007-w8,60,2/23/2007,3/1/2007
2007-w9,60,3/2/2007,3/8/2007
2007-w10,60,3/9/2007,3/15/2007
2007-w11,60,3/16/2007,3/22/2007
2007-w12,60,3/23/2007,3/29/2007
2007-w13,60,3/30/2007,4/5/2007
2007-w14,60,4/6/2007,4/12/2007
2007-w15,60.42857143,4/13/2007,4/19/2007
2007-w16,63,4/20/2007,4/26/2007
2007-w17,64.71428571,4/27/2007,5/3/2007
2007-w18,65,5/4/2007,5/10/2007
2007-w19,66.71428571,5/11/2007,5/17/2007
2007-w20,67,5/18/2007,5/24/2007
2007-w21,67,5/25/2007,5/31/2007
2007-w22,67,6/1/2007,6/7/2007
2007-w23,67,6/8/2007,6/14/2007
2007-w24,67,6/15/2007,6/21/2007
2007-w25,67,6/22/2007,6/28/2007
2007-w26,70.42857143,6/29/2007,7/5/2007
2007-w27,71,7/6/2007,7/12/2007
2007-w28,71,7/13/2007,7/19/2007
2007-w29,71,7/20/2007,7/26/2007
2007-w30,73.85714286,7/27/2007,8/2/2007
2007-w31,75,8/3/2007,8/9/2007
2007-w32,75,8/10/2007,8/16/2007
2007-w33,75,8/17/2007,8/23/2007
2007-w34,75,8/24/2007,8/30/2007
2007-w35,75,8/31/2007,9/6/2007
2007-w36,75,9/7/2007,9/13/2007
2007-w37,75,9/14/2007,9/20/2007
2007-w38,75,9/21/2007,9/27/2007
2007-w39,75,9/28/2007,10/4/2007
2007-w40,75,10/5/2007,10/11/2007
2007-w41,75,10/12/2007,10/18/2007
2007-w42,75,10/19/2007,10/25/2007
2007-w43,75,10/26/2007,11/1/2007
2007-w44,75,11/2/2007,11/8/2007
2007-w45,75,11/9/2007,11/15/2007
2007-w46,75,11/16/2007,11/22/2007
2007-w47,75,11/23/2007,11/29/2007
2007-w48,75,11/30/2007,12/6/2007
2007-w49,75,12/7/2007,12/13/2007
2007-w50,75,12/14/2007,12/20/2007
2007-w51,75,12/21/2007,12/27/2007
2007-w52,75,12/28/2007,1/3/2008
2008-w1,75,1/4/2008,1/10/2008
2008-w2,77.85714286,1/11/2008,1/17/2008
2008-w3,80,1/18/2008,1/24/2008
2008-w4,80,1/25/2008,1/31/2008
2008-w5,80,2/1/2008,2/7/2008
2008-w6,80,2/8/2008,2/14/2008
2008-w7,80,2/15/2008,2/21/2008
2008-w8,80,2/22/2008,2/28/2008
2008-w9,80,2/29/2008,3/6/2008
2008-w10,80,3/7/2008,3/13/2008
2008-w11,80,3/14/2008,3/20/2008
2008-w12,80,3/21/2008,3/27/2008
2008-w13,80,3/28/2008,4/3/2008
2008-w14,80,4/4/2008,4/10/2008
2008-w15,80,4/11/2008,4/17/2008
2008-w16,80,4/18/2008,4/24/2008
2008-w17,80,4/25/2008,5/1/2008
2008-w18,80,5/2/2008,5/8/2008
2008-w19,80,5/9/2008,5/15/2008
2008-w20,80,5/16/2008,5/22/2008
2008-w21,101.4285714,5/23/2008,5/29/2008
2008-w22,110,5/30/2008,6/5/2008
2008-w23,110,6/6/2008,6/12/2008
2008-w24,110,6/13/2008,6/19/2008
2008-w25,110,6/20/2008,6/26/2008
2008-w26,110,6/27/2008,7/3/2008
2008-w27,110,7/4/2008,7/10/2008
2008-w28,110,7/11/2008,7/17/2008
2008-w29,110,7/18/2008,7/24/2008
2008-w30,110,7/25/2008,7/31/2008
2008-w31,110,8/1/2008,8/7/2008
2008-w32,110,8/8/2008,8/14/2008
2008-w33,110,8/15/2008,8/21/2008
2008-w34,110,8/22/2008,8/28/2008
2008-w35,110,8/29/2008,9/4/2008
2008-w36,110,9/5/2008,9/11/2008
2008-w37,110,9/12/2008,9/18/2008
2008-w38,110,9/19/2008,9/25/2008
2008-w39,110,9/26/2008,10/2/2008
2008-w40,110,10/3/2008,10/9/2008
2008-w41,110,10/10/2008,10/16/2008
2008-w42,110,10/17/2008,10/23/2008
2008-w43,110,10/24/2008,10/30/2008
2008-w44,110,10/31/2008,11/6/2008
2008-w45,110,11/7/2008,11/13/2008
2008-w46,110,11/14/2008,11/20/2008
2008-w47,110,11/21/2008,11/27/2008
2008-w48,110,11/28/2008,12/4/2008
2008-w49,110,12/5/2008,12/11/2008
2008-w50,110,12/12/2008,12/18/2008
2008-w51,110,12/19/2008,12/25/2008
2008-w52,96.66666667,12/26/2008,1/1/2009
2009-w1,70,1/2/2009,1/8/2009
2009-w2,70,1/9/2009,1/15/2009
2009-w3,70,1/16/2009,1/22/2009
2009-w4,70,1/23/2009,1/29/2009
2009-w5,70,1/30/2009,2/5/2009
2009-w6,70,2/6/2009,2/12/2009
2009-w7,70,2/13/2009,2/19/2009
2009-w8,70,2/20/2009,2/26/2009
2009-w9,70,2/27/2009,3/5/2009
2009-w10,70,3/6/2009,3/12/2009
2009-w11,70,3/13/2009,3/19/2009
2009-w12,70,3/20/2009,3/26/2009
2009-w13,70,3/27/2009,4/2/2009
2009-w14,70,4/3/2009,4/9/2009
2009-w15,70,4/10/2009,4/16/2009
2009-w16,70,4/17/2009,4/23/2009
2009-w17,70,4/24/2009,4/30/2009
2009-w18,70,5/1/2009,5/7/2009
2009-w19,70,5/8/2009,5/14/2009
2009-w20,70,5/15/2009,5/21/2009
2009-w21,70,5/22/2009,5/28/2009
2009-w22,70,5/29/2009,6/4/2009
2009-w23,70,6/5/2009,6/11/2009
2009-w24,70,6/12/2009,6/18/2009
2009-w25,70,6/19/2009,6/25/2009
2009-w26,70.42857143,6/26/2009,7/2/2009
2009-w27,73,7/3/2009,7/9/2009
2009-w28,73,7/10/2009,7/16/2009
2009-w29,73,7/17/2009,7/23/2009
2009-w30,73,7/24/2009,7/30/2009
2009-w31,73,7/31/2009,8/6/2009
2009-w32,73,8/7/2009,8/13/2009
2009-w33,73,8/14/2009,8/20/2009
2009-w34,73,8/21/2009,8/27/2009
2009-w35,73,8/28/2009,9/3/2009
2009-w36,73,9/4/2009,9/10/2009
2009-w37,73,9/11/2009,9/17/2009
2009-w38,73,9/18/2009,9/24/2009
2009-w39,73,9/25/2009,10/1/2009
2009-w40,73,10/2/2009,10/8/2009
2009-w41,73,10/9/2009,10/15/2009
2009-w42,73,10/16/2009,10/22/2009
2009-w43,73,10/23/2009,10/29/2009
2009-w44,73,10/30/2009,11/5/2009
2009-w45,73,11/6/2009,11/12/2009
2009-w46,73,11/13/2009,11/19/2009
2009-w47,73,11/20/2009,11/26/2009
2009-w48,73,11/27/2009,12/3/2009
2009-w49,73,12/4/2009,12/10/2009
2009-w50,73,12/11/2009,12/17/2009
2009-w51,73,12/18/2009,12/24/2009
2009-w52,73,12/25/2009,12/31/2009
2010-w1,73,1/1/2010,1/7/2010
2010-w2,73,1/8/2010,1/14/2010
2010-w3,73,1/15/2010,1/21/2010
2010-w4,73,1/22/2010,1/28/2010
2010-w5,73,1/29/2010,2/4/2010
2010-w6,73,2/5/2010,2/11/2010
2010-w7,73,2/12/2010,2/18/2010
2010-w8,73,2/19/2010,2/25/2010
2010-w9,73,2/26/2010,3/4/2010
2010-w10,73,3/5/2010,3/11/2010
2010-w11,73,3/12/2010,3/18/2010
2010-w12,73,3/19/2010,3/25/2010
2010-w13,73,3/26/2010,4/1/2010
2010-w14,73,4/2/2010,4/8/2010
2010-w15,73,4/9/2010,4/15/2010
2010-w16,73,4/16/2010,4/22/2010
2010-w17,73,4/23/2010,4/29/2010
2010-w18,73,4/30/2010,5/6/2010
2010-w19,73,5/7/2010,5/13/2010
2010-w20,73,5/14/2010,5/20/2010
2010-w21,73,5/21/2010,5/27/2010
2010-w22,73,5/28/2010,6/3/2010
2010-w23,73,6/4/2010,6/10/2010
2010-w24,73,6/11/2010,6/17/2010
2010-w25,73,6/18/2010,6/24/2010
2010-w26,73,6/25/2010,7/1/2010
2010-w27,73,7/2/2010,7/8/2010
2010-w28,73,7/9/2010,7/15/2010
2010-w29,73,7/16/2010,7/22/2010
2010-w30,73,7/23/2010,7/29/2010
2010-w31,73,7/30/2010,8/5/2010
2010-w32,73,8/6/2010,8/12/2010
2010-w33,73,8/13/2010,8/19/2010
2010-w34,73,8/20/2010,8/26/2010
2010-w35,73,8/27/2010,9/2/2010
2010-w36,73,9/3/2010,9/9/2010
2010-w37,73,9/10/2010,9/16/2010
2010-w38,73,9/17/2010,9/23/2010
2010-w39,73,9/24/2010,9/30/2010
2010-w40,73,10/1/2010,10/7/2010
2010-w41,73,10/8/2010,10/14/2010
2010-w42,73,10/15/2010,10/21/2010
2010-w43,73,10/22/2010,10/28/2010
2010-w44,73,10/29/2010,11/4/2010
2010-w45,73,11/5/2010,11/11/2010
2010-w46,73,11/12/2010,11/18/2010
2010-w47,73,11/19/2010,11/25/2010
2010-w48,73,11/26/2010,12/2/2010
2010-w49,73,12/3/2010,12/9/2010
2010-w50,73,12/10/2010,12/16/2010
2010-w51,73,12/17/2010,12/23/2010
2010-w52,73,12/24/2010,12/30/2010
2011-w1,73,1/7/2011,1/13/2011
2011-w2,73,1/14/2011,1/20/2011
2011-w3,73,1/21/2011,1/27/2011
2011-w4,73,1/28/2011,2/3/2011
2011-w5,73,2/4/2011,2/10/2011
2011-w6,73,2/11/2011,2/17/2011
2011-w7,73,2/18/2011,2/24/2011
2011-w8,73,2/25/2011,3/3/2011
2011-w9,73,3/4/2011,3/10/2011
2011-w10,73,3/11/2011,3/17/2011
2011-w11,73,3/18/2011,3/24/2011
2011-w12,73,3/25/2011,3/31/2011
2011-w13,76,4/1/2011,4/7/2011
2011-w14,76,4/8/2011,4/14/2011
2011-w15,76,4/15/2011,4/21/2011
2011-w16,76,4/22/2011,4/28/2011
2011-w17,76,4/29/2011,5/5/2011
2011-w18,76,5/6/2011,5/12/2011
2011-w19,76,5/13/2011,5/19/2011
2011-w20,76,5/20/2011,5/26/2011
2011-w21,76,5/27/2011,6/2/2011
2011-w22,76,6/3/2011,6/9/2011
2011-w23,76,6/10/2011,6/16/2011
2011-w24,76,6/17/2011,6/23/2011
2011-w25,76,6/24/2011,6/30/2011
2011-w26,76,7/1/2011,7/7/2011
2011-w27,76,7/8/2011,7/14/2011
2011-w28,76,7/15/2011,7/21/2011
2011-w29,76,7/22/2011,7/28/2011
2011-w30,76,7/29/2011,8/4/2011
2011-w31,76,8/5/2011,8/11/2011
2011-w32,76,8/12/2011,8/18/2011
2011-w33,76,8/19/2011,8/25/2011
2011-w34,76,8/26/2011,9/1/2011
2011-w35,76,9/2/2011,9/8/2011
2011-w36,76,9/9/2011,9/15/2011
2011-w37,76,9/16/2011,9/22/2011
2011-w38,76,9/23/2011,9/29/2011
2011-w39,76,9/30/2011,10/6/2011
2011-w40,76,10/7/2011,10/13/2011
2011-w41,76,10/14/2011,10/20/2011
2011-w42,76,10/21/2011,10/27/2011
2011-w43,81.71428571,10/28/2011,11/3/2011
2011-w44,84,11/4/2011,11/10/2011
2011-w45,84,11/11/2011,11/17/2011
2011-w46,84,11/18/2011,11/24/2011
2011-w47,84,11/25/2011,12/1/2011
2011-w48,84,12/2/2011,12/8/2011
2011-w49,84,12/9/2011,12/15/2011
2011-w50,84,12/16/2011,12/22/2011
2011-w51,84,12/23/2011,12/29/2011
2011-w52,84,12/30/2011,1/5/2012
2012-w1,84,1/6/2012,1/12/2012
2012-w2,84,1/13/2012,1/19/2012
2012-w3,84,1/20/2012,1/26/2012
2012-w4,84,1/27/2012,2/2/2012
2012-w5,84,2/3/2012,2/9/2012
2012-w6,106.1428571,2/10/2012,2/16/2012
2012-w7,115,2/17/2012,2/23/2012
2012-w8,115,2/24/2012,3/1/2012
2012-w9,115,3/2/2012,3/8/2012
2012-w10,115,3/9/2012,3/15/2012
2012-w11,115,3/16/2012,3/22/2012
2012-w12,115,3/23/2012,3/29/2012
2012-w13,115,3/30/2012,4/5/2012
2012-w14,115,4/6/2012,4/12/2012
2012-w15,115,4/13/2012,4/19/2012
2012-w16,115,4/20/2012,4/26/2012
2012-w17,115,4/27/2012,5/3/2012
2012-w18,115,5/4/2012,5/10/2012
2012-w19,115,5/11/2012,5/17/2012
2012-w20,115,5/18/2012,5/24/2012
2012-w21,115,5/25/2012,5/31/2012
2012-w22,115,6/1/2012,6/7/2012
2012-w23,115,6/8/2012,6/14/2012
2012-w24,115,6/15/2012,6/21/2012
2012-w25,115,6/22/2012,6/28/2012
2012-w26,115,6/29/2012,7/5/2012
2012-w27,115,7/6/2012,7/12/2012
2012-w28,115,7/13/2012,7/19/2012
2012-w29,115,7/20/2012,7/26/2012
2012-w30,115,7/27/2012,8/2/2012
2012-w31,115,8/3/2012,8/9/2012
2012-w32,115,8/10/2012,8/16/2012
2012-w33,115,8/17/2012,8/23/2012
2012-w34,115,8/24/2012,8/30/2012
2012-w35,115,8/31/2012,9/6/2012
2012-w36,115,9/7/2012,9/13/2012
2012-w37,115,9/14/2012,9/20/2012
2012-w38,115,9/21/2012,9/27/2012
2012-w39,115,9/28/2012,10/4/2012
2012-w40,115,10/5/2012,10/11/2012
2012-w41,115,10/12/2012,10/18/2012
2012-w42,115,10/19/2012,10/25/2012
2012-w43,115,10/26/2012,11/1/2012
2012-w44,115,11/2/2012,11/8/2012
2012-w45,115,11/9/2012,11/15/2012
2012-w46,115,11/16/2012,11/22/2012
2012-w47,115,11/23/2012,11/29/2012
2012-w48,115,11/30/2012,12/6/2012
2012-w49,115,12/7/2012,12/13/2012
2012-w50,115,12/14/2012,12/20/2012
2012-w51,115,12/21/2012,12/27/2012
2012-w52,115,12/28/2012,1/3/2013
2013-w1,115,1/4/2013,1/10/2013
2013-w2,115,1/11/2013,1/17/2013
2013-w3,115,1/18/2013,1/24/2013
2013-w4,115,1/25/2013,1/31/2013
2013-w5,115,2/1/2013,2/7/2013
2013-w6,115,2/8/2013,2/14/2013
2013-w7,115,2/15/2013,2/21/2013
2013-w8,120.1428571,2/22/2013,2/28/2013
2013-w9,121,3/1/2013,3/7/2013
2013-w10,121,3/8/2013,3/14/2013
2013-w11,121,3/15/2013,3/21/2013
2013-w12,121,3/22/2013,3/28/2013
2013-w13,121,3/29/2013,4/4/2013
2013-w14,121,4/5/2013,4/11/2013
2013-w15,121,4/12/2013,4/18/2013
2013-w16,121,4/19/2013,4/25/2013
2013-w17,121,4/26/2013,5/2/2013
2013-w18,121,5/3/2013,5/9/2013
2013-w19,121,5/10/2013,5/16/2013
2013-w20,121,5/17/2013,5/23/2013
2013-w21,121,5/24/2013,5/30/2013
2013-w22,121,5/31/2013,6/6/2013
2013-w23,121,6/7/2013,6/13/2013
2013-w24,121,6/14/2013,6/20/2013
2013-w25,121,6/21/2013,6/27/2013
2013-w26,121,6/28/2013,7/4/2013
2013-w27,121,7/5/2013,7/11/2013
2013-w28,121,7/12/2013,7/18/2013
2013-w29,121,7/19/2013,7/25/2013
2013-w30,121,7/26/2013,8/1/2013
2013-w31,121,8/2/2013,8/8/2013
2013-w32,121,8/9/2013,8/15/2013
2013-w33,121,8/16/2013,8/22/2013
2013-w34,121,8/23/2013,8/29/2013
2013-w35,121,8/30/2013,9/5/2013
2013-w36,121,9/6/2013,9/12/2013
2013-w37,121,9/13/2013,9/19/2013
2013-w38,121,9/20/2013,9/26/2013
2013-w39,121,9/27/2013,10/3/2013
2013-w40,121,10/4/2013,10/10/2013
2013-w41,121,10/11/2013,10/17/2013
2013-w42,121,10/18/2013,10/24/2013
2013-w43,121,10/25/2013,10/31/2013
2013-w44,121,11/1/2013,11/7/2013
2013-w45,121,11/8/2013,11/14/2013
2013-w46,121,11/15/2013,11/21/2013
2013-w47,121,11/22/2013,11/28/2013
2013-w48,121,11/29/2013,12/5/2013
2013-w49,121,12/6/2013,12/12/2013
2013-w50,121,12/13/2013,12/19/2013
2013-w51,121,12/20/2013,12/26/2013
2013-w52,121,12/27/2013,1/2/2014
2014-w1,121,1/3/2014,1/9/2014
2014-w2,121,1/10/2014,1/16/2014
2014-w3,121,1/17/2014,1/23/2014
2014-w4,121,1/24/2014,1/30/2014
2014-w5,121,1/31/2014,2/6/2014
2014-w6,121,2/7/2014,2/13/2014
2014-w7,121,2/14/2014,2/20/2014
2014-w8,121,2/21/2014,2/27/2014
2014-w9,121,2/28/2014,3/6/2014
2014-w10,121,3/7/2014,3/13/2014
2014-w11,121,3/14/2014,3/20/2014
2014-w12,121,3/21/2014,3/27/2014
2014-w13,121,3/28/2014,4/3/2014
2014-w14,121,4/4/2014,4/10/2014
2014-w15,121,4/11/2014,4/17/2014
2014-w16,121,4/18/2014,4/24/2014
2014-w17,121,4/25/2014,5/1/2014
2014-w18,121,5/2/2014,5/8/2014
2014-w19,121,5/9/2014,5/15/2014
2014-w20,121,5/16/2014,5/22/2014
2014-w21,121,5/23/2014,5/29/2014
2014-w22,121,5/30/2014,6/5/2014
2014-w23,121,6/6/2014,6/12/2014
2014-w24,121,6/13/2014,6/19/2014
2014-w25,121,6/20/2014,6/26/2014
2014-w26,121,6/27/2014,7/3/2014
2014-w27,121,7/4/2014,7/10/2014
2014-w28,121,7/11/2014,7/17/2014
2014-w29,121,7/18/2014,7/24/2014
2014-w30,121,7/25/2014,7/31/2014
2014-w31,121,8/1/2014,8/7/2014
2014-w32,121,8/8/2014,8/14/2014
2014-w33,121,8/15/2014,8/21/2014
2014-w34,121,8/22/2014,8/28/2014
2014-w35,121,8/29/2014,9/4/2014
2014-w36,121,9/5/2014,9/11/2014
2014-w37,120.1428571,9/12/2014,9/18/2014
2014-w38,118,9/19/2014,9/25/2014
2014-w39,118,9/26/2014,10/2/2014
2014-w40,118,10/3/2014,10/9/2014
2014-w41,118,10/10/2014,10/16/2014
2014-w42,118,10/17/2014,10/23/2014
2014-w43,118,10/24/2014,10/30/2014
2014-w44,118,10/31/2014,11/6/2014
2014-w45,118,11/7/2014,11/13/2014
2014-w46,118,11/14/2014,11/20/2014
2014-w47,118,11/21/2014,11/27/2014
2014-w48,118,11/28/2014,12/4/2014
2014-w49,111,12/5/2014,12/11/2014
2014-w50,111,12/12/2014,12/18/2014
2014-w51,111,12/19/2014,12/25/2014
2014-w52,111,12/26/2014,1/1/2015
2015-w1,111,1/2/2015,1/8/2015
2015-w2,111,1/9/2015,1/15/2015
2015-w3,108.7142857,1/16/2015,1/22/2015
2015-w4,95,1/23/2015,1/29/2015
2015-w5,95,1/30/2015,2/5/2015
2015-w6,95,2/6/2015,2/12/2015
2015-w7,95,2/13/2015,2/19/2015
2015-w8,95,2/20/2015,2/26/2015
2015-w9,95,2/27/2015,3/5/2015
2015-w10,95,3/6/2015,3/12/2015
2015-w11,95,3/13/2015,3/19/2015
2015-w12,95,3/20/2015,3/26/2015
2015-w13,95,3/27/2015,4/2/2015
2015-w14,95,4/3/2015,4/9/2015
2015-w15,95,4/10/2015,4/16/2015
2015-w16,95,4/17/2015,4/23/2015
2015-w17,95,4/24/2015,4/30/2015
2015-w18,95,5/1/2015,5/7/2015
2015-w19,95,5/8/2015,5/14/2015
2015-w20,95,5/15/2015,5/21/2015
2015-w21,95,5/22/2015,5/28/2015
2015-w22,95,5/29/2015,6/4/2015
2015-w23,95,6/5/2015,6/11/2015
2015-w24,95,6/12/2015,6/18/2015
2015-w25,95,6/19/2015,6/25/2015
2015-w26,95,6/26/2015,7/2/2015
2015-w27,95,7/3/2015,7/9/2015
2015-w28,95,7/10/2015,7/16/2015
2015-w29,95,7/17/2015,7/23/2015
2015-w30,95,7/24/2015,7/30/2015
2015-w31,95,7/31/2015,8/6/2015
2015-w32,95,8/7/2015,8/13/2015
2015-w33,95,8/14/2015,8/20/2015
2015-w34,95,8/21/2015,8/27/2015
2015-w35,95,8/28/2015,9/3/2015
2015-w36,95,9/4/2015,9/10/2015
2015-w37,95,9/11/2015,9/17/2015
2015-w38,95,9/18/2015,9/24/2015
2015-w39,95,9/25/2015,10/1/2015
2015-w40,95,10/2/2015,10/8/2015
2015-w41,95,10/9/2015,10/15/2015
2015-w42,95,10/16/2015,10/22/2015
2015-w43,95,10/23/2015,10/29/2015
2015-w44,95,10/30/2015,11/5/2015
2015-w45,95,11/6/2015,11/12/2015
2015-w46,95,11/13/2015,11/19/2015
2015-w47,95,11/20/2015,11/26/2015
2015-w48,95,11/27/2015,12/3/2015
2015-w49,95,12/4/2015,12/10/2015
2015-w50,95,12/11/2015,12/17/2015
2015-w51,95,12/18/2015,12/24/2015
2015-w52,95,12/25/2015,12/31/2015
2016-w1,95,1/1/2016,1/7/2016
2016-w2,95,1/8/2016,1/14/2016
2016-w3,95,1/15/2016,1/21/2016
2016-w4,95,1/22/2016,1/28/2016
2016-w5,95,1/29/2016,2/4/2016
2016-w6,95,2/5/2016,2/11/2016
2016-w7,95,2/12/2016,2/18/2016
2016-w8,95,2/19/2016,2/25/2016
2016-w9,95,2/26/2016,3/3/2016
2016-w10,95,3/4/2016,3/10/2016
2016-w11,95,3/11/2016,3/17/2016
2016-w12,95,3/18/2016,3/24/2016
2016-w13,95,3/25/2016,3/31/2016
2016-w14,95,4/1/2016,4/7/2016
2016-w15,95,4/8/2016,4/14/2016
2016-w16,95,4/15/2016,4/21/2016
2016-w17,95,4/22/2016,4/28/2016
2016-w18,95,4/29/2016,5/5/2016
2016-w19,95,5/6/2016,5/12/2016
2016-w20,95,5/13/2016,5/19/2016
2016-w21,95,5/20/2016,5/26/2016
2016-w22,95,5/27/2016,6/2/2016
2016-w23,95,6/3/2016,6/9/2016
2016-w24,95,6/10/2016,6/16/2016
2016-w25,95,6/17/2016,6/23/2016
2016-w26,95,6/24/2016,6/30/2016
2016-w27,95,7/1/2016,7/7/2016
2016-w28,95,7/8/2016,7/14/2016
2016-w29,95,7/15/2016,7/21/2016
2016-w30,95,7/22/2016,7/28/2016
2016-w31,95,7/29/2016,8/4/2016
2016-w32,95,8/5/2016,8/11/2016
2016-w33,95,8/12/2016,8/18/2016
2016-w34,95,8/19/2016,8/25/2016
2016-w35,95,8/26/2016,9/1/2016
2016-w36,95,9/2/2016,9/8/2016
2016-w37,95,9/9/2016,9/15/2016
2016-w38,95,9/16/2016,9/22/2016
2016-w39,95,9/23/2016,9/29/2016
2016-w40,95,9/30/2016,10/6/2016
2016-w41,95,10/7/2016,10/13/2016
2016-w42,95,10/14/2016,10/20/2016
2016-w43,95,10/21/2016,10/27/2016
2016-w44,95,10/28/2016,11/3/2016
2016-w45,95,11/4/2016,11/10/2016
2016-w46,95,11/11/2016,11/17/2016
2016-w47,95,11/18/2016,11/24/2016
2016-w48,95,11/25/2016,12/1/2016
2016-w49,95,12/2/2016,12/8/2016
2016-w50,95,12/9/2016,12/15/2016
2016-w51,95,12/16/2016,12/22/2016
2016-w52,95,12/23/2016,12/29/2016
2017-w1,95,1/6/2017,1/12/2017
2017-w2,95,1/13/2017,1/19/2017
2017-w3,95,1/20/2017,1/26/2017
2017-w4,95,1/27/2017,2/2/2017
2017-w5,95,2/3/2017,2/9/2017
2017-w6,95,2/10/2017,2/16/2017
2017-w7,95,2/17/2017,2/23/2017
2017-w8,95,2/24/2017,3/2/2017
2017-w9,95,3/3/2017,3/9/2017
2017-w10,95,3/10/2017,3/16/2017
2017-w11,95,3/17/2017,3/23/2017
2017-w12,95,3/24/2017,3/30/2017
2017-w13,95,3/31/2017,4/6/2017
2017-w14,95,4/7/2017,4/13/2017
2017-w15,95,4/14/2017,4/20/2017
2017-w16,95,4/21/2017,4/27/2017
2017-w17,95,4/28/2017,5/4/2017
2017-w18,95,5/5/2017,5/11/2017
2017-w19,95,5/12/2017,5/18/2017
2017-w20,95,5/19/2017,5/25/2017
2017-w21,95,5/26/2017,6/1/2017
2017-w22,95,6/2/2017,6/8/2017
2017-w23,95,6/9/2017,6/15/2017
2017-w24,95,6/16/2017,6/22/2017
2017-w25,95,6/23/2017,6/29/2017
2017-w26,95,6/30/2017,7/6/2017
2017-w27,95,7/7/2017,7/13/2017
2017-w28,95,7/14/2017,7/20/2017
2017-w29,95,7/21/2017,7/27/2017
2017-w30,95,7/28/2017,8/3/2017
2017-w31,95,8/4/2017,8/10/2017
2017-w32,95,8/11/2017,8/17/2017
2017-w33,95,8/18/2017,8/24/2017
2017-w34,95,8/25/2017,8/31/2017
2017-w35,95,9/1/2017,9/7/2017
2017-w36,95,9/8/2017,9/14/2017
2017-w37,95,9/15/2017,9/21/2017
2017-w38,95,9/22/2017,9/28/2017
2017-w39,95,9/29/2017,10/5/2017
2017-w40,95,10/6/2017,10/12/2017
2017-w41,95,10/13/2017,10/19/2017
2017-w42,95,10/20/2017,10/26/2017
2017-w43,95,10/27/2017,11/2/2017
2017-w44,95,11/3/2017,11/9/2017
2017-w45,95,11/10/2017,11/16/2017
2017-w46,95,11/17/2017,11/23/2017
2017-w47,95,11/24/2017,11/30/2017
2017-w48,95,12/1/2017,12/7/2017
2017-w49,95,12/8/2017,12/14/2017
2017-w50,95,12/15/2017,12/21/2017
2017-w51,95,12/22/2017,12/28/2017
2017-w52,95,12/29/2017,1/4/2018
2018-w1,95,1/5/2018,1/11/2018
2018-w2,95,1/12/2018,1/18/2018
2018-w3,95,1/19/2018,1/25/2018
2018-w4,95,1/26/2018,2/1/2018
2018-w5,95,2/2/2018,2/8/2018
2018-w6,95,2/9/2018,2/15/2018
2018-w7,95,2/16/2018,2/22/2018
2018-w8,95,2/23/2018,3/1/2018
2018-w9,95,3/2/2018,3/8/2018
2018-w10,95,3/9/2018,3/15/2018
2018-w11,95,3/16/2018,3/22/2018
2018-w12,95,3/23/2018,3/29/2018
2018-w13,95,3/30/2018,4/5/2018
2018-w14,95,4/6/2018,4/12/2018
2018-w15,95,4/13/2018,4/19/2018
2018-w16,95,4/20/2018,4/26/2018
2018-w17,95,4/27/2018,5/3/2018
2018-w18,95,5/4/2018,5/10/2018
2018-w19,109,5/11/2018,5/17/2018
2018-w20,109,5/18/2018,5/24/2018
2018-w21,109,5/25/2018,5/31/2018
2018-w22,109,6/1/2018,6/7/2018
2018-w23,109,6/8/2018,6/14/2018
2018-w24,109,6/15/2018,6/21/2018
2018-w25,109,6/22/2018,6/28/2018
2018-w26,109,6/29/2018,7/5/2018
2018-w27,109,7/6/2018,7/12/2018
2018-w28,109,7/13/2018,7/19/2018
2018-w29,109,7/20/2018,7/26/2018
2018-w30,109,7/27/2018,8/2/2018
2018-w31,109,8/3/2018,8/9/2018
2018-w32,109,8/10/2018,8/16/2018
2018-w33,109,8/17/2018,8/23/2018
2018-w34,109,8/24/2018,8/30/2018
2018-w35,109,8/31/2018,9/6/2018
2018-w36,115,9/7/2018,9/13/2018
2018-w37,123,9/14/2018,9/20/2018
2018-w38,123,9/21/2018,9/27/2018
2018-w39,123,9/28/2018,10/4/2018
2018-w40,123,10/5/2018,10/11/2018
2018-w41,123,10/12/2018,10/18/2018
2018-w42,123,10/19/2018,10/25/2018
2018-w43,123,10/26/2018,11/1/2018
2018-w44,116,11/2/2018,11/8/2018
2018-w45,116,11/9/2018,11/15/2018
2018-w46,116,11/16/2018,11/22/2018
2018-w47,116,11/23/2018,11/29/2018
2018-w48,107.4285714,11/30/2018,12/6/2018
2018-w49,106,12/7/2018,12/13/2018
2018-w50,106,12/14/2018,12/20/2018
2018-w51,101.7142857,12/21/2018,12/27/2018
2018-w52,101,12/28/2018,1/3/2019
2019-w1,101,1/4/2019,1/10/2019
2019-w2,99,1/11/2019,1/17/2019
2019-w3,99,1/18/2019,1/24/2019
2019-w4,99,1/25/2019,1/31/2019
2019-w5,99,2/1/2019,2/7/2019
2019-w6,100.7142857,2/8/2019,2/14/2019
2019-w7,103,2/15/2019,2/21/2019
2019-w8,103,2/22/2019,2/28/2019
2019-w9,103,3/1/2019,3/7/2019
2019-w10,103.2857143,3/8/2019,3/14/2019
2019-w11,104,3/15/2019,3/21/2019
2019-w12,104,3/22/2019,3/28/2019
2019-w13,104,3/29/2019,4/4/2019
2019-w14,104,4/5/2019,4/11/2019
2019-w15,104,4/12/2019,4/18/2019
2019-w16,104,4/19/2019,4/25/2019
2019-w17,104,4/26/2019,5/2/2019
2019-w18,104,5/3/2019,5/9/2019
2019-w19,104,5/10/2019,5/16/2019
2019-w20,104,5/17/2019,5/23/2019
2019-w21,104,5/24/2019,5/30/2019
2019-w22,104,5/31/2019,6/6/2019
2019-w23,104,6/7/2019,6/13/2019
2019-w24,104,6/14/2019,6/20/2019
2019-w25,104,6/21/2019,6/27/2019
2019-w26,104,6/28/2019,7/4/2019
2019-w27,104,7/5/2019,7/11/2019
2019-w28,104,7/12/2019,7/18/2019
2019-w29,104,7/19/2019,7/25/2019
2019-w30,104,7/26/2019,8/1/2019
2019-w31,104,8/2/2019,8/8/2019
2019-w32,104,8/9/2019,8/15/2019
2019-w33,104,8/16/2019,8/22/2019
2019-w34,104,8/23/2019,8/29/2019
2019-w35,104,8/30/2019,9/5/2019
2019-w36,104,9/6/2019,9/12/2019
2019-w37,104,9/13/2019,9/19/2019
2019-w38,104,9/20/2019,9/26/2019
2019-w39,104,9/27/2019,10/3/2019
2019-w40,104,10/4/2019,10/10/2019
2019-w41,104,10/11/2019,10/17/2019
2019-w42,104,10/18/2019,10/24/2019
2019-w43,104,10/25/2019,10/31/2019
2019-w44,104,11/1/2019,11/7/2019
2019-w45,104,11/8/2019,11/14/2019
2019-w46,104,11/15/2019,11/21/2019
2019-w47,104,11/22/2019,11/28/2019
2019-w48,104,11/29/2019,12/5/2019
2019-w49,104,12/6/2019,12/12/2019
2019-w50,104,12/13/2019,12/19/2019
2019-w51,104,12/20/2019,12/26/2019
2019-w52,104,12/27/2019,1/2/2020
2020-w1,104,1/3/2020,1/9/2020
2020-w2,104,1/10/2020,1/16/2020
2020-w3,104,1/17/2020,1/23/2020
2020-w4,104,1/24/2020,1/30/2020
2020-w5,104,1/31/2020,2/6/2020
2020-w6,104,2/7/2020,2/13/2020
2020-w7,104,2/14/2020,2/20/2020
2020-w8,104,2/21/2020,2/27/2020
2020-w9,104,2/28/2020,3/5/2020
2020-w10,104,3/6/2020,3/12/2020
2020-w11,104,3/13/2020,3/19/2020
2020-w12,104,3/20/2020,3/26/2020
2020-w13,104,3/27/2020,4/2/2020
2020-w14,104,4/3/2020,4/9/2020
2020-w15,104,4/10/2020,4/16/2020
2020-w16,104,4/17/2020,4/23/2020
2020-w17,104,4/24/2020,4/30/2020
2020-w18,104,5/1/2020,5/7/2020
2020-w19,104,5/8/2020,5/14/2020
2020-w20,104,5/15/2020,5/21/2020
2020-w21,104,5/22/2020,5/28/2020
2020-w22,104,5/29/2020,6/4/2020
2020-w23,104,6/5/2020,6/11/2020
2020-w24,104,6/12/2020,6/18/2020
2020-w25,104,6/19/2020,6/25/2020
2020-w26,104,6/26/2020,7/2/2020
2020-w27,104,7/3/2020,7/9/2020
2020-w28,104,7/10/2020,7/16/2020
2020-w29,104,7/17/2020,7/23/2020
2020-w30,104,7/24/2020,7/30/2020
2020-w31,104,7/31/2020,8/6/2020
2020-w32,104,8/7/2020,8/13/2020
2020-w33,104,8/14/2020,8/20/2020
2020-w34,104,8/21/2020,8/27/2020
2020-w35,104,8/28/2020,9/3/2020
2020-w36,104,9/4/2020,9/10/2020
2020-w37,104,9/11/2020,9/17/2020
2020-w38,104,9/18/2020,9/24/2020
2020-w39,104,9/25/2020,10/1/2020
2020-w40,104,10/2/2020,10/8/2020
2020-w41,104,10/9/2020,10/15/2020
2020-w42,104,10/16/2020,10/22/2020
2020-w43,104,10/23/2020,10/29/2020
2020-w44,104,10/30/2020,11/5/2020
2020-w45,104,11/6/2020,11/12/2020
2020-w46,104,11/13/2020,11/19/2020
2020-w47,104,11/20/2020,11/26/2020
2020-w48,104,11/27/2020,12/3/2020
2020-w49,104,12/4/2020,12/10/2020
2020-w50,104,12/11/2020,12/17/2020
2020-w51,104,12/18/2020,12/24/2020
2020-w52,104,12/25/2020,12/31/2020
2021-w1,104,1/1/2021,1/7/2021
2021-w2,104,1/8/2021,1/14/2021
2021-w3,104,1/15/2021,1/21/2021
2021-w4,104,1/22/2021,1/28/2021
2021-w5,104,1/29/2021,2/4/2021
2021-w6,104,2/5/2021,2/11/2021
2021-w7,104,2/12/2021,2/18/2021
2021-w8,104,2/19/2021,2/25/2021
2021-w9,104,2/26/2021,3/4/2021
2021-w10,104,3/5/2021,3/11/2021
2021-w11,104,3/12/2021,3/18/2021
2021-w12,104,3/19/2021,3/25/2021
2021-w13,104,3/26/2021,4/1/2021
2021-w14,104,4/2/2021,4/8/2021
2021-w15,104,4/9/2021,4/15/2021
2021-w16,104,4/16/2021,4/22/2021
2021-w17,104,4/23/2021,4/29/2021
2021-w18,104,4/30/2021,5/6/2021
2021-w19,104,5/7/2021,5/13/2021
2021-w20,104,5/14/2021,5/20/2021
2021-w21,104,5/21/2021,5/27/2021
2021-w22,104,5/28/2021,6/3/2021
2021-w23,104,6/4/2021,6/10/2021
2021-w24,104,6/11/2021,6/17/2021
2021-w25,104,6/18/2021,6/24/2021
2021-w26,104,6/25/2021,7/1/2021
2021-w27,104,7/2/2021,7/8/2021
2021-w28,104,7/9/2021,7/15/2021
2021-w29,104,7/16/2021,7/22/2021
2021-w30,104,7/23/2021,7/29/2021
2021-w31,104,7/30/2021,8/5/2021
2021-w32,104,8/6/2021,8/12/2021
2021-w33,104,8/13/2021,8/19/2021
2021-w34,104,8/20/2021,8/26/2021
2021-w35,104,8/27/2021,9/2/2021
2021-w36,104,9/3/2021,9/9/2021
2021-w37,104,9/10/2021,9/16/2021
2021-w38,104,9/17/2021,9/23/2021
2021-w39,104,9/24/2021,9/30/2021
2021-w40,104,10/1/2021,10/7/2021
2021-w41,104,10/8/2021,10/14/2021
2021-w42,104,10/15/2021,10/21/2021
2021-w43,104,10/22/2021,10/28/2021
2021-w44,104,10/29/2021,11/4/2021
2021-w45,104,11/5/2021,11/11/2021
2021-w46,104,11/12/2021,11/18/2021
2021-w47,104,11/19/2021,11/25/2021
2021-w48,104,11/26/2021,12/2/2021
2021-w49,104,12/3/2021,12/9/2021
2021-w50,104,12/10/2021,12/16/2021
2021-w51,104,12/17/2021,12/23/2021
2021-w52,104,12/24/2021,12/30/2021
2022-w1,104,1/7/2022,1/13/2022
2022-w2,104,1/14/2022,1/20/2022
2022-w3,104,1/21/2022,1/27/2022
2022-w4,104,1/28/2022,2/3/2022
2022-w5,104,2/4/2022,2/10/2022
2022-w6,104,2/11/2022,2/17/2022
2022-w7,104,2/18/2022,2/24/2022
2022-w8,104,2/25/2022,3/3/2022
2022-w9,104,3/4/2022,3/10/2022
2022-w10,176,3/11/2022,3/17/2022
2022-w11,176,3/18/2022,3/24/2022
2022-w12,176,3/25/2022,3/31/2022
2022-w13,176,4/1/2022,4/7/2022
2022-w14,176,4/8/2022,4/14/2022
2022-w15,240.5714286,4/15/2022,4/21/2022
2022-w16,289,4/22/2022,4/28/2022
2022-w17,289,4/29/2022,5/5/2022
2022-w18,289,5/6/2022,5/12/2022
2022-w19,289,5/13/2022,5/19/2022
2022-w20,336.5714286,5/20/2022,5/26/2022
2022-w21,400,5/27/2022,6/2/2022
2022-w22,400,6/3/2022,6/9/2022
2022-w23,400,6/10/2022,6/16/2022
2022-w24,400,6/17/2022,6/23/2022
2022-w25,442.8571429,6/24/2022,6/30/2022
2022-w26,460,7/1/2022,7/7/2022
2022-w27,460,7/8/2022,7/14/2022
2022-w28,445.7142857,7/15/2022,7/21/2022
2022-w29,440,7/22/2022,7/28/2022
2022-w30,434.2857143,7/29/2022,8/4/2022
2022-w31,430,8/5/2022,8/11/2022
2022-w32,430,8/12/2022,8/18/2022
2022-w33,430,8/19/2022,8/25/2022
2022-w34,430,8/26/2022,9/1/2022
2022-w35,430,9/2/2022,9/8/2022
2022-w36,430,9/9/2022,9/15/2022
2022-w37,430,9/16/2022,9/22/2022
2022-w38,430,9/23/2022,9/29/2022
2022-w39,430,9/30/2022,10/6/2022
2022-w40,430,10/7/2022,10/13/2022
2022-w41,421.4285714,10/14/2022,10/20/2022
2022-w42,415,10/21/2022,10/27/2022
2022-w43,415,10/28/2022,11/3/2022
2022-w44,415,11/4/2022,11/10/2022
2022-w45,415,11/11/2022,11/17/2022
2022-w46,415,11/18/2022,11/24/2022
2022-w47,415,11/25/2022,12/1/2022
2022-w48,417.1428571,12/2/2022,12/8/2022
2022-w49,420,12/9/2022,12/15/2022
2022-w50,420,12/16/2022,12/22/2022
2022-w51,420,12/23/2022,12/29/2022
2022-w52,420,12/30/2022,1/5/2023
2023-w1,405,1/6/2023,1/12/2023
2023-w2,405,1/13/2023,1/19/2023
2023-w3,405,1/20/2023,1/26/2023
2023-w4,405,1/27/2023,2/2/2023
2023-w5,405,2/3/2023,2/9/2023
2023-w6,405,2/10/2023,2/16/2023
2023-w7,405,2/17/2023,2/23/2023
2023-w8,405,2/24/2023,3/2/2023
2023-w9,405,3/3/2023,3/9/2023
2023-w10,405,3/10/2023,3/16/2023
2023-w11,405,3/17/2023,3/23/2023
2023-w12,393.5714286,3/24/2023,3/30/2023
2023-w13,325,3/31/2023,4/6/2023
2023-w14,325,4/7/2023,4/13/2023
2023-w15,325,4/14/2023,4/20/2023
2023-w16,325,4/21/2023,4/27/2023
2023-w17,316.4285714,4/28/2023,5/4/2023
2023-w18,310,5/5/2023,5/11/2023
2023-w19,310,5/12/2023,5/18/2023
2023-w20,310,5/19/2023,5/25/2023
2023-w21,310,5/26/2023,6/1/2023
2023-w22,310,6/2/2023,6/8/2023
2023-w23,310,6/9/2023,6/15/2023
2023-w24,310,6/16/2023,6/22/2023
2023-w25,310,6/23/2023,6/29/2023
2023-w26,308.2857143,6/30/2023,7/6/2023
2023-w27,308,7/7/2023,7/13/2023
2023-w28,308,7/14/2023,7/20/2023
2023-w29,308,7/21/2023,7/27/2023
2023-w30,307.1428571,7/28/2023,8/3/2023
2023-w31,306,8/4/2023,8/10/2023
2023-w32,306,8/11/2023,8/17/2023
2023-w33,306,8/18/2023,8/24/2023
2023-w34,306,8/25/2023,8/31/2023
2023-w35,341,9/1/2023,9/7/2023
2023-w36,341,9/8/2023,9/14/2023
2023-w37,341,9/15/2023,9/21/2023
2023-w38,341,9/22/2023,9/28/2023
2023-w39,346.7142857,9/29/2023,10/5/2023
2023-w40,351,10/6/2023,10/12/2023
2023-w41,351,10/13/2023,10/19/2023
2023-w42,351,10/20/2023,10/26/2023
2023-w43,352.4285714,10/27/2023,11/2/2023
2023-w44,356,11/3/2023,11/9/2023
2023-w45,356,11/10/2023,11/16/2023
2023-w46,356,11/17/2023,11/23/2023
2023-w47,356,11/24/2023,11/30/2023
2023-w48,329,12/1/2023,12/7/2023
2023-w49,329,12/8/2023,12/14/2023
2023-w50,329,12/15/2023,12/21/2023
2023-w51,329,12/22/2023,12/28/2023
2023-w52,329,12/29/2023,1/4/2024
2024-w1,358,1/5/2024,1/11/2024
2024-w2,358,1/12/2024,1/18/2024
2024-w3,358,1/19/2024,1/25/2024
2024-w4,358.7142857,1/26/2024,2/1/2024
2024-w5,363,2/2/2024,2/8/2024
2024-w6,363,2/9/2024,2/15/2024
2024-w7,363,2/16/2024,2/22/2024
2024-w8,363,2/23/2024,2/29/2024
2024-w9,363,3/1/2024,3/7/2024
2024-w10,363,3/8/2024,3/14/2024
2024-w11,363,3/15/2024,3/21/2024
2024-w12,363,3/22/2024,3/28/2024
2024-w13,363,3/29/2024,4/4/2024
2024-w14,363,4/5/2024,4/11/2024
2024-w15,363,4/12/2024,4/18/2024
2024-w16,363,4/19/2024,4/25/2024
2024-w17,354.4285714,4/26/2024,5/2/2024
2024-w18,333,5/3/2024,5/9/2024
2024-w19,333,5/10/2024,5/16/2024
2024-w20,333,5/17/2024,5/23/2024
2024-w21,333,5/24/2024,5/30/2024
2024-w22,319.2857143,5/31/2024,6/6/2024
2024-w23,317,6/7/2024,6/13/2024
2024-w24,317,6/14/2024,6/20/2024
2024-w25,317,6/21/2024,6/27/2024
2024-w26,317,6/28/2024,7/4/2024
2024-w27,317,7/5/2024,7/11/2024
2024-w28,317,7/12/2024,7/18/2024
2024-w29,317,7/19/2024,7/25/2024
2024-w30,317,7/26/2024,8/1/2024
2024-w31,317,8/2/2024,8/8/2024
2024-w32,317,8/9/2024,8/15/2024
2024-w33,317,8/16/2024,8/22/2024
2024-w34,317,8/23/2024,8/29/2024
2024-w35,309.8571429,8/30/2024,9/5/2024
2024-w36,307,9/6/2024,9/12/2024
2024-w37,307,9/13/2024,9/19/2024
2024-w38,307,9/20/2024,9/26/2024
2024-w39,296.7142857,9/27/2024,10/3/2024
2024-w40,283,10/4/2024,10/10/2024
2024-w41,283,10/11/2024,10/17/2024
2024-w42,283,10/18/2024,10/24/2024
2024-w43,283,10/25/2024,10/31/2024
2024-w44,283,11/1/2024,11/7/2024
2024-w45,283,11/8/2024,11/14/2024
2024-w46,283,11/15/2024,11/21/2024
2024-w47,283,11/22/2024,11/28/2024
2024-w48,285.1428571,11/29/2024,12/5/2024
2024-w49,286,12/6/2024,12/12/2024
2024-w50,286,12/13/2024,12/19/2024
2024-w51,286,12/20/2024,12/26/2024
2024-w52,286,12/27/2024,1/2/2025
2025-w1,286,1/3/2025,1/9/2025
2025-w2,286,1/10/2025,1/16/2025
2025-w3,286,1/17/2025,1/23/2025
2025-w4,286,1/24/2025,1/30/2025
2025-w5,286,1/31/2025,2/6/2025
2025-w6,286,2/7/2025,2/13/2025
2025-w7,286,2/14/2025,2/20/2025
2025-w8,286,2/21/2025,2/27/2025
2025-w9,286,2/28/2025,3/6/2025
2025-w10,286,3/7/2025,3/13/2025
2025-w11,286,3/14/2025,3/20/2025
2025-w12,286,3/21/2025,3/27/2025
2025-w13,286,3/28/2025,4/3/2025
2025-w14,286,4/4/2025,4/10/2025
2025-w15,286,4/11/2025,4/17/2025
2025-w16,286,4/18/2025,4/24/2025
2025-w17,282.5714286,4/25/2025,5/1/2025
2025-w18,274,5/2/2025,5/8/2025
2025-w19,274,5/9/2025,5/15/2025
2025-w20,274,5/16/2025,5/22/2025
2025-w21,274,5/23/2025,5/29/2025
2025-w22,274,5/30/2025,6/5/2025
2025-w23,274,6/6/2025,6/12/2025
2025-w24,274,6/13/2025,6/19/2025
2025-w25,274,6/20/2025,6/26/2025
2025-w26,274,6/27/2025,7/3/2025
2025-w27,274,7/4/2025,7/10/2025
2025-w28,274,7/11/2025,7/17/2025
2025-w29,274,7/18/2025,7/24/2025
2025-w30,274,7/25/2025,7/31/2025
2025-w31,274,8/1/2025,8/7/2025
2025-w32,274,8/8/2025,8/14/2025
2025-w33,274,8/15/2025,8/21/2025
2025-w34,274,8/22/2025,8/28/2025
2025-w35,274,8/29/2025,9/4/2025
2025-w36,274,9/5/2025,9/11/2025
2025-w37,274,9/12/2025,9/18/2025
2025-w38,274,9/19/2025,9/25/2025
2025-w39,274.8571429,9/26/2025,10/2/2025
2025-w40,277,10/3/2025,10/9/2025
2025-w41,277,10/10/2025,10/16/2025
2025-w42,277,10/17/2025,10/23/2025
2025-w43,277,10/24/2025,10/30/2025
2025-w44,277,10/31/2025,11/6/2025
2025-w45,277,11/7/2025,11/13/2025
2025-w46,277,11/14/2025,11/20/2025
2025-w47,277,11/21/2025,11/27/2025
2025-w48,277,11/28/2025,12/4/2025
2025-w49,277,12/5/2025,12/11/2025
2025-w50,277,12/12/2025,12/18/2025
2025-w51,277,12/19/2025,12/25/2025
2025-w52,277,12/26/2025,1/1/2026
